candidate_id,project,file,start_line,end_line,candidate_type,dominant_issue,complexity_proxy,request_parameters,session_keys,database_tables,dom_selectors,forms,allowed_transformations,oracle_status
kanboard-C0001,kanboard,config.default.php,1,253,sql_data_access,SQL/Data Access Region,42,,,multiple;the,,,Light Data-Access Isolation;Extract Method,pending
kanboard-C0002,kanboard,app/check_setup.php,1,41,sql_data_access,SQL/Data Access Region,13,,,,,,Light Data-Access Isolation;Extract Method,pending
kanboard-C0003,kanboard,app/functions.php,1,258,session_dependent_logic,Session-Dependent Logic,19,,,,,,Extract Guard;Extract Method,pending
kanboard-C0004,kanboard,libs/SimpleValidator/Validators/Email.php,7,68,long_method_or_region,Long or Complex Region,13,,,,,,Extract Method,pending
kanboard-C0005,kanboard,libs/picodb/lib/PicoDb/Database.php,1,370,sql_data_access,SQL/Data Access Region,15,,,,,,Light Data-Access Isolation;Extract Method,pending
kanboard-C0006,kanboard,libs/picodb/lib/PicoDb/StatementHandler.php,1,353,sql_data_access,SQL/Data Access Region,12,,,,,,Light Data-Access Isolation;Extract Method,pending
kanboard-C0007,kanboard,libs/picodb/lib/PicoDb/Table.php,1,729,sql_data_access,SQL/Data Access Region,24,,,table,,,Light Data-Access Isolation;Extract Method,pending
kanboard-C0008,kanboard,libs/picodb/lib/PicoDb/Driver/Base.php,1,234,sql_data_access,SQL/Data Access Region,16,,,,,,Light Data-Access Isolation;Extract Method,pending
kanboard-C0009,kanboard,libs/picodb/lib/PicoDb/Driver/Base.php,164,202,sql_data_access,SQL/Data Access Region,9,,,,,,Light Data-Access Isolation;Extract Method,pending
kanboard-C0010,kanboard,libs/picodb/lib/PicoDb/Driver/Mysql.php,1,268,sql_data_access,SQL/Data Access Region,24,,,,,,Light Data-Access Isolation;Extract Method,pending
kanboard-C0011,kanboard,libs/picodb/lib/PicoDb/Driver/Mysql.php,82,125,sql_data_access,SQL/Data Access Region,11,,,,,,Light Data-Access Isolation;Extract Method,pending
kanboard-C0012,kanboard,libs/picodb/lib/PicoDb/Driver/Postgres.php,1,212,sql_data_access,SQL/Data Access Region,14,,,,,,Light Data-Access Isolation;Extract Method,pending
kanboard-C0013,kanboard,libs/picodb/lib/PicoDb/Driver/Postgres.php,40,79,sql_data_access,SQL/Data Access Region,7,,,,,,Light Data-Access Isolation;Extract Method,pending
kanboard-C0014,kanboard,libs/phpqrcode/lib/PHPQRCode/FrameFiller.php,43,96,long_method_or_region,Long or Complex Region,10,,,,,,Extract Method,pending
kanboard-C0015,kanboard,libs/phpqrcode/lib/PHPQRCode/QRcode.php,19,94,long_method_or_region,Long or Complex Region,10,,,,,,Extract Method,pending
kanboard-C0016,kanboard,libs/phpqrcode/lib/PHPQRCode/QRencode.php,47,82,long_method_or_region,Long or Complex Region,13,,,,,,Extract Method,pending
kanboard-C0017,kanboard,libs/phpqrcode/lib/PHPQRCode/QRinput.php,305,348,long_method_or_region,Long or Complex Region,11,,,,,,Extract Method,pending
kanboard-C0018,kanboard,libs/phpqrcode/lib/PHPQRCode/QRmask.php,215,282,long_method_or_region,Long or Complex Region,14,,,,,,Extract Method,pending
kanboard-C0019,kanboard,libs/phpqrcode/lib/PHPQRCode/QRrsItem.php,36,122,long_method_or_region,Long or Complex Region,16,,,,,,Extract Method,pending
kanboard-C0020,kanboard,libs/phpqrcode/lib/PHPQRCode/QRspec.php,1,586,mixed_php_html,Mixed PHP/HTML,46,,,,.c;.f;.m;.p;.s;.x,,Separate PHP Logic from Markup;Extract View Helper,pending
kanboard-C0021,kanboard,libs/phpqrcode/lib/PHPQRCode/QRspec.php,482,536,mixed_php_html,Mixed PHP/HTML,8,,,,.c;.f;.m;.p;.s;.x,,Separate PHP Logic from Markup;Extract View Helper,pending
kanboard-C0022,kanboard,libs/phpqrcode/lib/PHPQRCode/QRsplit.php,198,253,long_method_or_region,Long or Complex Region,10,,,,,,Extract Method,pending
kanboard-C0023,kanboard,libs/phpqrcode/lib/PHPQRCode/QRtools.php,1,171,mixed_php_html,Mixed PHP/HTML,23,,,,,,Separate PHP Logic from Markup;Extract View Helper,pending
kanboard-C0024,kanboard,libs/minify/src/CSS.php,87,116,long_method_or_region,Long or Complex Region,15,,,,,,Extract Method,pending
kanboard-C0025,kanboard,libs/minify/src/CSS.php,116,249,long_method_or_region,Long or Complex Region,27,,,,,,Extract Method,pending
kanboard-C0026,kanboard,libs/minify/src/CSS.php,249,296,long_method_or_region,Long or Complex Region,10,,,,,,Extract Method,pending
kanboard-C0027,kanboard,libs/minify/src/CSS.php,357,485,long_method_or_region,Long or Complex Region,28,,,,,,Extract Method,pending
kanboard-C0028,kanboard,libs/minify/src/CSS.php,485,543,long_method_or_region,Long or Complex Region,15,,,,,,Extract Method,pending
kanboard-C0029,kanboard,libs/minify/src/CSS.php,564,617,long_method_or_region,Long or Complex Region,17,,,,,,Extract Method,pending
kanboard-C0030,kanboard,libs/minify/src/JS.php,232,321,long_method_or_region,Long or Complex Region,22,,,,,,Extract Method,pending
kanboard-C0031,kanboard,libs/minify/src/JS.php,321,451,long_method_or_region,Long or Complex Region,29,,,,,,Extract Method,pending
kanboard-C0032,kanboard,libs/minify/src/JS.php,505,564,long_method_or_region,Long or Complex Region,11,,,,,,Extract Method,pending
kanboard-C0033,kanboard,libs/minify/src/JS.php,564,613,long_method_or_region,Long or Complex Region,24,,,,,,Extract Method,pending
kanboard-C0034,kanboard,libs/minify/src/Minify.php,231,320,long_method_or_region,Long or Complex Region,12,,,,,,Extract Method,pending
kanboard-C0035,kanboard,libs/jsonrpc/src/JsonRPC/Response/ResponseBuilder.php,293,337,long_method_or_region,Long or Complex Region,11,,,,,,Extract Method,pending
kanboard-C0036,kanboard,app/Controller/BoardAjaxController.php,1,149,mixed_php_html,Mixed PHP/HTML,12,,,,.alert;.alert-error,,Separate PHP Logic from Markup;Extract View Helper,pending
kanboard-C0037,kanboard,app/Controller/TaskBulkChangePropertyController.php,26,84,long_method_or_region,Long or Complex Region,13,,,,,,Extract Method,pending
kanboard-C0038,kanboard,app/Controller/TaskModificationController.php,1,180,sql_data_access,SQL/Data Access Region,20,,,a;tasks;your,,,Light Data-Access Isolation;Extract Method,pending
kanboard-C0039,kanboard,app/Controller/UserModificationController.php,44,76,long_method_or_region,Long or Complex Region,10,,,,,,Extract Method,pending
kanboard-C0040,kanboard,app/Core/Paginator.php,1,543,mixed_php_html_sql,SQL in Presentation Logic,18,,,,.pagination;.pagination-next;.pagination-previous;.pagination-showing,,Light Data-Access Isolation;Extract Method;Extract View Helper,pending
kanboard-C0041,kanboard,app/EventBuilder/TaskEventBuilder.php,134,203,long_method_or_region,Long or Complex Region,14,,,,,,Extract Method,pending
kanboard-C0042,kanboard,app/EventBuilder/TaskEventBuilder.php,203,234,long_method_or_region,Long or Complex Region,16,,,,,,Extract Method,pending
kanboard-C0043,kanboard,app/Helper/FileHelper.php,22,69,long_method_or_region,Long or Complex Region,24,,,,,,Extract Method,pending
kanboard-C0044,kanboard,app/Helper/FormHelper.php,1,464,mixed_php_html,Mixed PHP/HTML,22,,,,#form-;.%s;.form-errors;.form-required;.js-text-editor,,Separate PHP Logic from Markup;Extract View Helper,pending
kanboard-C0045,kanboard,app/Helper/ProjectRoleHelper.php,1,338,sql_data_access,SQL/Data Access Region,51,,,a;other,,,Light Data-Access Isolation;Extract Method,pending
kanboard-C0046,kanboard,app/Helper/SubtaskHelper.php,1,165,mixed_php_html,Mixed PHP/HTML,12,,,,#form-user_id;.assign-me;.fa;.fa-check-square-o;.fa-fw;.fa-gears;.fa-square-o;.form-help;.subtask-timer-toggle;.subtask-title,,Separate PHP Logic from Markup;Extract View Helper,pending
kanboard-C0047,kanboard,app/Helper/TaskHelper.php,1,323,mixed_php_html,Mixed PHP/HTML,17,,,,#form-owner_id;#form-tags;.assign-me;.board-add-icon;.dropdown;.dropdown-menu;.dropdown-menu-link-icon;.dropdown-smaller;.fa;.fa-caret-down;.fa-floppy-o;.fa-fw;.fa-plus;.js-template;.tag-autocomplete;.task-priority,,Separate PHP Logic from Markup;Extract View Helper,pending
kanboard-C0048,kanboard,app/Helper/UrlHelper.php,1,238,mixed_php_html,Mixed PHP/HTML,19,,,,.btn;.fa;.fa-;.fa-fw,,Separate PHP Logic from Markup;Extract View Helper,pending
kanboard-C0049,kanboard,app/Import/TaskImport.php,84,137,long_method_or_region,Long or Complex Region,10,,,,,,Extract Method,pending
kanboard-C0050,kanboard,app/Model/ActionParameterModel.php,144,174,long_method_or_region,Long or Complex Region,19,,,,,,Extract Method,pending
kanboard-C0051,kanboard,app/Model/CategoryModel.php,1,226,sql_data_access,SQL/Data Access Region,13,,,a,,,Light Data-Access Isolation;Extract Method,pending
kanboard-C0052,kanboard,app/Model/LinkModel.php,116,155,sql_data_access,SQL/Data Access Region,3,,,a,,,Light Data-Access Isolation;Extract Method,pending
kanboard-C0053,kanboard,app/Model/ProjectModel.php,1,569,sql_data_access,SQL/Data Access Region,38,,,a;modification;the,,,Light Data-Access Isolation;Extract Method,pending
kanboard-C0054,kanboard,app/Model/SubtaskModel.php,1,321,sql_data_access,SQL/Data Access Region,19,,,a;subtaskId,,,Light Data-Access Isolation;Extract Method,pending
kanboard-C0055,kanboard,app/Model/SubtaskTimeTrackingModel.php,1,287,sql_data_access,SQL/Data Access Region,16,,,subtask;task,,,Light Data-Access Isolation;Extract Method,pending
kanboard-C0056,kanboard,app/Model/SwimlaneModel.php,1,458,sql_data_access,SQL/Data Access Region,24,,,a;swimlane,,,Light Data-Access Isolation;Extract Method,pending
kanboard-C0057,kanboard,app/Model/TaskDuplicationModel.php,73,124,long_method_or_region,Long or Complex Region,18,,,,,,Extract Method,pending
kanboard-C0058,kanboard,app/Model/TaskFinderModel.php,1,415,sql_data_access,SQL/Data Access Region,14,,,other,,,Light Data-Access Isolation;Extract Method,pending
kanboard-C0059,kanboard,app/Model/TaskFinderModel.php,78,149,sql_data_access,SQL/Data Access Region,2,,,,,,Light Data-Access Isolation;Extract Method,pending
kanboard-C0060,kanboard,app/Schema/Migration.php,1,80,sql_data_access,SQL/Data Access Region,23,,,action_has_params;actions;projects;swimlanes;tasks,,,Light Data-Access Isolation;Extract Method,pending
kanboard-C0061,kanboard,app/Schema/Migration.php,7,63,sql_data_access,SQL/Data Access Region,21,,,action_has_params;actions;swimlanes;tasks,,,Light Data-Access Isolation;Extract Method,pending
kanboard-C0062,kanboard,app/Schema/Mysql.php,1,1664,sql_data_access,SQL/Data Access Region,70,,,actions;comments;config;it;links;project_activities;project_has_users;projects;settings;subtasks;tasks;user_has_notification_types;users,,,Light Data-Access Isolation;Extract Method,pending
kanboard-C0063,kanboard,app/Schema/Mysql.php,43,117,sql_data_access,SQL/Data Access Region,2,,,,,,Light Data-Access Isolation;Extract Method,pending
kanboard-C0064,kanboard,app/Schema/Mysql.php,449,472,sql_data_access,SQL/Data Access Region,9,,,actions,,,Light Data-Access Isolation;Extract Method,pending
kanboard-C0065,kanboard,app/Schema/Mysql.php,563,613,sql_data_access,SQL/Data Access Region,1,,,settings,,,Light Data-Access Isolation;Extract Method,pending
kanboard-C0066,kanboard,app/Schema/Mysql.php,1047,1100,sql_data_access,SQL/Data Access Region,5,,,it;links,,,Light Data-Access Isolation;Extract Method,pending
kanboard-C0067,kanboard,app/Schema/Mysql.php,1345,1400,sql_data_access,SQL/Data Access Region,1,,,,,,Light Data-Access Isolation;Extract Method,pending
kanboard-C0068,kanboard,app/Schema/Mysql.php,1540,1665,sql_data_access,SQL/Data Access Region,1,,,config;users,,,Light Data-Access Isolation;Extract Method,pending
kanboard-C0069,kanboard,app/Schema/Postgres.php,1,1442,sql_data_access,SQL/Data Access Region,65,,,actions;config;links;project_activities;project_has_users;projects;settings;subtasks;tasks;user_has_notification_types;users,,,Light Data-Access Isolation;Extract Method,pending
kanboard-C0070,kanboard,app/Schema/Postgres.php,341,364,sql_data_access,SQL/Data Access Region,9,,,actions,,,Light Data-Access Isolation;Extract Method,pending
kanboard-C0071,kanboard,app/Schema/Postgres.php,453,503,sql_data_access,SQL/Data Access Region,1,,,settings,,,Light Data-Access Isolation;Extract Method,pending
kanboard-C0072,kanboard,app/Schema/Postgres.php,1201,1253,sql_data_access,SQL/Data Access Region,1,,,,,,Light Data-Access Isolation;Extract Method,pending
kanboard-C0073,kanboard,app/Schema/Postgres.php,1285,1443,sql_data_access,SQL/Data Access Region,1,,,config;users,,,Light Data-Access Isolation;Extract Method,pending
kanboard-C0074,kanboard,app/Schema/Sqlite.php,1,1470,sql_data_access,SQL/Data Access Region,65,,,actions;comments;comments_bak;config;links;project_activities;project_activities_bak;project_has_users;projects;settings;subtasks;tasks;user_has_notification_types;users,,,Light Data-Access Isolation;Extract Method,pending
kanboard-C0075,kanboard,app/Schema/Sqlite.php,312,335,sql_data_access,SQL/Data Access Region,9,,,actions,,,Light Data-Access Isolation;Extract Method,pending
kanboard-C0076,kanboard,app/Schema/Sqlite.php,408,458,sql_data_access,SQL/Data Access Region,1,,,settings,,,Light Data-Access Isolation;Extract Method,pending
kanboard-C0077,kanboard,app/Schema/Sqlite.php,1108,1160,sql_data_access,SQL/Data Access Region,1,,,,,,Light Data-Access Isolation;Extract Method,pending
kanboard-C0078,kanboard,app/Schema/Sqlite.php,1405,1471,sql_data_access,SQL/Data Access Region,1,,,config;users,,,Light Data-Access Isolation;Extract Method,pending
kanboard-C0079,kanboard,app/ServiceProvider/RouteProvider.php,25,191,long_method_or_region,Long or Complex Region,2,,,,,,Extract Method,pending
kanboard-C0080,kanboard,app/Template/header.php,1,26,mixed_php_html,Mixed PHP/HTML,19,,,,.board-selector-container;.menus-container;.title-container,,Separate PHP Logic from Markup;Extract View Helper,pending
kanboard-C0081,kanboard,app/Template/layout.php,1,73,mixed_php_html,Mixed PHP/HTML,95,,,,.page,,Separate PHP Logic from Markup;Extract View Helper,pending
kanboard-C0082,kanboard,app/User/Avatar/LetterAvatarProvider.php,1,170,mixed_php_html,Mixed PHP/HTML,15,,,,.avatar-letter,,Separate PHP Logic from Markup;Extract View Helper,pending
kanboard-C0083,kanboard,app/Template/action/index.php,1,80,mixed_php_html,Mixed PHP/HTML,105,,,,.alert;.alert-error;.dropdown;.dropdown-menu;.dropdown-menu-link-icon;.fa;.fa-caret-down;.fa-cog;.page-header;.table-scrolling,,Separate PHP Logic from Markup;Extract View Helper,pending
kanboard-C0084,kanboard,app/Template/action_creation/params.php,1,55,mixed_php_html,Mixed PHP/HTML,104,,,,.page-header,<?= $this->url->href(,Separate PHP Logic from Markup;Extract View Helper,pending
kanboard-C0085,kanboard,app/Template/analytic/avg_time_columns.php,1,31,mixed_php_html,Mixed PHP/HTML,35,,,,.alert;.alert-info;.page-header;.table-striped,,Separate PHP Logic from Markup;Extract View Helper,pending
kanboard-C0086,kanboard,app/Template/analytic/burndown.php,1,26,mixed_php_html,Mixed PHP/HTML,32,,,,.alert;.alert-info;.form-inline;.page-header,<?= $this->url->href(,Separate PHP Logic from Markup;Extract View Helper,pending
kanboard-C0087,kanboard,app/Template/analytic/cfd.php,1,23,mixed_php_html,Mixed PHP/HTML,29,,,,.alert;.form-inline;.page-header,<?= $this->url->href(,Separate PHP Logic from Markup;Extract View Helper,pending
kanboard-C0088,kanboard,app/Template/analytic/lead_cycle_time.php,1,33,mixed_php_html,Mixed PHP/HTML,36,,,,.alert;.alert-info;.form-inline;.page-header;.panel,<?= $this->url->href(,Separate PHP Logic from Markup;Extract View Helper,pending
kanboard-C0089,kanboard,app/Template/analytic/task_distribution.php,1,34,mixed_php_html,Mixed PHP/HTML,36,,,,.alert;.page-header;.table-striped,,Separate PHP Logic from Markup;Extract View Helper,pending
kanboard-C0090,kanboard,app/Template/analytic/time_comparison.php,1,63,mixed_php_html,Mixed PHP/HTML,71,,,,.$task[;.alert;.color-<?=;.column-10;.column-12;.column-5;.page-header;.panel;.table-fixed;.table-scrolling;.table-small;.task-table,,Separate PHP Logic from Markup;Extract View Helper,pending
kanboard-C0091,kanboard,app/Template/analytic/user_distribution.php,1,34,mixed_php_html,Mixed PHP/HTML,36,,,,.alert;.page-header;.table-striped,,Separate PHP Logic from Markup;Extract View Helper,pending
kanboard-C0092,kanboard,app/Template/auth/index.php,1,42,mixed_php_html,Mixed PHP/HTML,57,,,,.alert;.alert-error;.btn;.btn-blue;.form-actions;.form-login;.reset-password,<?= $this->url->href(,Separate PHP Logic from Markup;Extract View Helper,pending
kanboard-C0093,kanboard,app/Template/avatar_file/show.php,1,22,mixed_php_html,Mixed PHP/HTML,20,,,,.btn;.btn-blue;.form-actions;.page-header,<?= $this->url->href(,Separate PHP Logic from Markup;Extract View Helper,pending
kanboard-C0094,kanboard,app/Template/board/table_column.php,1,118,mixed_php_html,Mixed PHP/HTML,141,,,,#<?= $column[;#task-number-column-<?= $column[;.$column[;.$swimlane[;.board-column-collapsed;.board-column-expanded;.board-column-header;.board-column-header-<?=;.board-column-header-task-count;.board-column-title;.board-swimlane-columns-<?=;.board-toggle-column-view;.dropdown;.dropdown-menu;.fa;.fa-caret-down;.fa-fw;.fa-minus-square;.pull-right,,Separate PHP Logic from Markup;Extract View Helper,pending
kanboard-C0095,kanboard,app/Template/board/table_container.php,1,58,mixed_php_html,Mixed PHP/HTML,61,,,,#<?= $project[;#board;#board-container;.$project[;.alert;.alert-error;.board-project-<?=,,Separate PHP Logic from Markup;Extract View Helper,pending
kanboard-C0096,kanboard,app/Template/board/table_swimlane.php,1,21,mixed_php_html,Mixed PHP/HTML,35,,,,#<?= $swimlane[;#swimlane-<?= $swimlane[;.$swimlane[;.board-column-header-task-count;.board-swimlane-header;.board-swimlane-toggle;.fa;.fa-chevron-circle-down;.fa-chevron-circle-up;.fa-info-circle;.hide-icon-swimlane-<?=;.show-icon-swimlane-<?=;.swimlane-task-count-<?=,,Separate PHP Logic from Markup;Extract View Helper,pending
kanboard-C0097,kanboard,app/Template/board/table_tasks.php,1,40,mixed_php_html,Mixed PHP/HTML,44,,,,#<?= $column[;#<?= $swimlane[;.$column[;.$swimlane[;.<?=;.board-column-<?=;.board-column-collapsed;.board-column-expanded;.board-column-title;.board-rotation;.board-rotation-wrapper;.board-swimlane;.board-swimlane-tasks-<?=;.board-task-list;.board-toggle-column-view;.fa;.fa-plus-square;.sortable-column,,Separate PHP Logic from Markup;Extract View Helper,pending
kanboard-C0098,kanboard,app/Template/board/task_avatar.php,1,20,mixed_php_html,Mixed PHP/HTML,17,,,,.task-board-assignee;.task-board-avatars;.task-board-change-assignee,,Separate PHP Logic from Markup;Extract View Helper,pending
kanboard-C0099,kanboard,app/Template/board/task_footer.php,1,139,mixed_php_html,Mixed PHP/HTML,197,,,,.$tag[;.$this->text->e($task[;.<?=;.<?php;.category-<?=;.fa;.fa-ban;.fa-bars;.fa-calendar;.fa-code-fork;.fa-comments-o;.fa-external-link;.fa-file-text-o;.fa-flag;.fa-fw;.fa-paperclip;.fa-refresh;.fa-rotate-90;.fa-trophy;.flag-milestone,,Separate PHP Logic from Markup;Extract View Helper,pending
kanboard-C0100,kanboard,app/Template/board/task_private.php,1,71,mixed_php_html,Mixed PHP/HTML,100,,,,#<?= $task[;.$task[;.<?=;.fa;.fa-arrows-alt;.fa-pulse;.fa-spinner;.task-board;.task-board-assignee;.task-board-collapsed;.task-board-expanded;.task-board-header;.task-board-saving-icon;.task-board-sort-handle;.task-board-title,,Separate PHP Logic from Markup;Extract View Helper,pending
kanboard-C0101,kanboard,app/Template/board/task_public.php,1,25,mixed_php_html,Mixed PHP/HTML,26,,,,.$task[;.color-<?=;.task-board;.task-board-assignee;.task-board-header;.task-board-title,,Separate PHP Logic from Markup;Extract View Helper,pending
kanboard-C0102,kanboard,app/Template/board/tooltip_external_links.php,1,22,mixed_php_html,Mixed PHP/HTML,22,,,,.column-10;.column-20;.column-70;.table-small;.tooltip-large,,Separate PHP Logic from Markup;Extract View Helper,pending
kanboard-C0103,kanboard,app/Template/board/tooltip_files.php,1,24,mixed_php_html,Mixed PHP/HTML,27,,,,.$this->file->icon($file[;.<?=;.fa;.fa-eye;.fa-fw;.table-small;.tooltip-large,,Separate PHP Logic from Markup;Extract View Helper,pending
kanboard-C0104,kanboard,app/Template/board/tooltip_subtasks.php,1,24,mixed_php_html,Mixed PHP/HTML,28,,,,.column-70;.table-small;.tooltip-large,,Separate PHP Logic from Markup;Extract View Helper,pending
kanboard-C0105,kanboard,app/Template/board/tooltip_tasklinks.php,1,34,mixed_php_html,Mixed PHP/HTML,32,,,,.column-10;.column-60;.table-small;.tooltip-large,,Separate PHP Logic from Markup;Extract View Helper,pending
kanboard-C0106,kanboard,app/Template/category/index.php,1,42,mixed_php_html,Mixed PHP/HTML,40,,,,.alert;.dropdown;.dropdown-menu;.dropdown-menu-link-icon;.fa;.fa-caret-down;.fa-cog;.page-header;.table-striped,,Separate PHP Logic from Markup;Extract View Helper,pending
kanboard-C0107,kanboard,app/Template/column/index.php,1,64,mixed_php_html,Mixed PHP/HTML,64,,,,#<?= $column[;.alert;.alert-error;.column-10;.column-12;.column-15;.columns-table;.draggable-row-handle;.dropdown;.dropdown-menu;.dropdown-menu-link-icon;.fa;.fa-arrows-alt;.fa-caret-down;.fa-cog;.page-header;.table-striped,,Separate PHP Logic from Markup;Extract View Helper,pending
kanboard-C0108,kanboard,app/Template/comment/show.php,1,40,mixed_php_html,Mixed PHP/HTML,42,,,,#comment-<?= $comment[;.<?=;.comment;.comment-actions;.comment-content;.comment-date;.comment-title;.comment-username;.dropdown;.dropdown-menu;.dropdown-menu-link-icon;.fa;.fa-caret-down;.fa-cog;.isset($preview);.markdown,,Separate PHP Logic from Markup;Extract View Helper,pending
kanboard-C0109,kanboard,app/Template/comment_list/show.php,1,32,mixed_php_html,Mixed PHP/HTML,31,,,,.comments;.page-header,,Separate PHP Logic from Markup;Extract View Helper,pending
kanboard-C0110,kanboard,app/Template/comment_mail/create.php,1,51,mixed_php_html,Mixed PHP/HTML,58,,,,.dropdown;.dropdown-menu;.dropdown-menu-link-icon;.fa;.fa-address-card-o;.fa-archive;.fa-caret-down;.js-autocomplete-email;.js-autocomplete-subject;.js-mail-form;.page-header,<?= $this->url->href(,Separate PHP Logic from Markup;Extract View Helper,pending
kanboard-C0111,kanboard,app/Template/config/about.php,1,91,mixed_php_html,Mixed PHP/HTML,70,,,,.page-header;.panel,,Separate PHP Logic from Markup;Extract View Helper,pending
kanboard-C0112,kanboard,app/Template/config/email.php,1,25,mixed_php_html,Mixed PHP/HTML,30,,,,.alert;.btn;.btn-blue;.form-actions;.page-header,<?= $this->url->href(,Separate PHP Logic from Markup;Extract View Helper,pending
kanboard-C0113,kanboard,app/Template/currency/show.php,1,34,mixed_php_html,Mixed PHP/HTML,27,,,,.column-35;.page-header;.panel;.table-striped,,Separate PHP Logic from Markup;Extract View Helper,pending
kanboard-C0114,kanboard,app/Template/custom_filter/create.php,1,20,mixed_php_html,Mixed PHP/HTML,26,,,,.page-header,<?= $this->url->href(,Separate PHP Logic from Markup;Extract View Helper,pending
kanboard-C0115,kanboard,app/Template/custom_filter/edit.php,1,25,mixed_php_html,Mixed PHP/HTML,32,,,,.page-header,<?= $this->url->href(,Separate PHP Logic from Markup;Extract View Helper,pending
kanboard-C0116,kanboard,app/Template/custom_filter/index.php,1,58,mixed_php_html,Mixed PHP/HTML,67,,,,.alert;.column-10;.column-15;.column-20;.column-30;.dropdown;.dropdown-menu;.dropdown-menu-link-icon;.fa;.fa-caret-down;.fa-cog;.page-header;.table-scrolling;.table-striped,,Separate PHP Logic from Markup;Extract View Helper,pending
kanboard-C0117,kanboard,app/Template/dashboard/layout.php,1,29,mixed_php_html,Mixed PHP/HTML,25,,,,#dashboard;#main;.page-header;.sidebar-container;.sidebar-content,,Separate PHP Logic from Markup;Extract View Helper,pending
kanboard-C0118,kanboard,app/Template/dashboard/overview.php,1,96,mixed_php_html,Mixed PHP/HTML,107,,,,#project-tasks-<?= $result[;.$project[;.$task[;.<?=;.alert;.color-<?=;.fa;.fa-fw;.fa-lock;.filter-box;.input-addon;.input-addon-item;.margin-bottom;.page-header;.search;.table-border-left;.table-list;.table-list-details;.table-list-row;.table-list-title,<?= $this->url->dir() ?>,Separate PHP Logic from Markup;Extract View Helper,pending
kanboard-C0119,kanboard,app/Template/dashboard/projects.php,1,27,mixed_php_html,Mixed PHP/HTML,29,,,,.alert;.page-header;.table-border-left;.table-list;.table-list-row,,Separate PHP Logic from Markup;Extract View Helper,pending
kanboard-C0120,kanboard,app/Template/dashboard/subtasks.php,1,49,mixed_php_html,Mixed PHP/HTML,46,,,,.$task[;.alert;.color-<?=;.dropdown;.dropdown-menu;.dropdown-menu-link-icon;.fa;.fa-caret-down;.page-header;.table-list;.table-list-header;.table-list-header-count;.table-list-header-menu;.table-list-row,,Separate PHP Logic from Markup;Extract View Helper,pending
kanboard-C0121,kanboard,app/Template/dashboard/tasks.php,1,41,mixed_php_html,Mixed PHP/HTML,37,,,,.$task[;.alert;.color-<?=;.page-header;.table-list;.table-list-row,,Separate PHP Logic from Markup;Extract View Helper,pending
kanboard-C0122,kanboard,app/Template/event/events.php,1,20,mixed_php_html,Mixed PHP/HTML,19,,,,.activity-content;.activity-event;.alert,,Separate PHP Logic from Markup;Extract View Helper,pending
kanboard-C0123,kanboard,app/Template/event/subtask_create.php,1,23,mixed_php_html,Mixed PHP/HTML,24,,,,.activity-date;.activity-description;.activity-task-title;.activity-title,,Separate PHP Logic from Markup;Extract View Helper,pending
kanboard-C0124,kanboard,app/Template/event/subtask_update.php,1,23,mixed_php_html,Mixed PHP/HTML,24,,,,.activity-date;.activity-description;.activity-task-title;.activity-title,,Separate PHP Logic from Markup;Extract View Helper,pending
kanboard-C0125,kanboard,app/Template/external_task_creation/step2.php,1,22,mixed_php_html,Mixed PHP/HTML,20,,,,.alert;.alert-error,<?= $this->url->href(,Separate PHP Logic from Markup;Extract View Helper,pending
kanboard-C0126,kanboard,app/Template/external_task_modification/show.php,1,22,mixed_php_html,Mixed PHP/HTML,22,,,,.alert;.alert-error,<?= $this->url->href(,Separate PHP Logic from Markup;Extract View Helper,pending
kanboard-C0127,kanboard,app/Template/group/associate.php,1,23,mixed_php_html,Mixed PHP/HTML,27,,,,.alert;.form-actions;.page-header,<?= $this->url->href(,Separate PHP Logic from Markup;Extract View Helper,pending
kanboard-C0128,kanboard,app/Template/group/index.php,1,71,mixed_php_html,Mixed PHP/HTML,70,,,,.alert;.dropdown;.dropdown-menu;.dropdown-menu-link-icon;.fa;.fa-caret-down;.margin-bottom;.page-header;.search;.table-border-left;.table-list;.table-list-details;.table-list-header;.table-list-header-count;.table-list-header-menu;.table-list-row;.table-list-title,<?= $this->url->dir() ?>,Separate PHP Logic from Markup;Extract View Helper,pending
kanboard-C0129,kanboard,app/Template/group/users.php,1,44,mixed_php_html,Mixed PHP/HTML,39,,,,#main;.$user[;.<?=;.alert;.page-header;.table-border-left;.table-list;.table-list-row;.table-list-title,,Separate PHP Logic from Markup;Extract View Helper,pending
kanboard-C0130,kanboard,app/Template/header/creation_dropdown.php,1,21,mixed_php_html,Mixed PHP/HTML,26,,,,.dropdown;.dropdown-menu;.dropdown-menu-link-icon;.fa;.fa-caret-down;.fa-fw;.fa-plus;.header-creation-menu,,Separate PHP Logic from Markup;Extract View Helper,pending
kanboard-C0131,kanboard,app/Template/header/user_dropdown.php,1,41,mixed_php_html,Mixed PHP/HTML,35,,,,.dropdown;.dropdown-menu;.dropdown-menu-link-icon;.fa;.fa-caret-down;.fa-fw;.fa-life-ring;.no-hover,,Separate PHP Logic from Markup;Extract View Helper,pending
kanboard-C0132,kanboard,app/Template/link/show.php,1,36,mixed_php_html,Mixed PHP/HTML,38,,,,.column-70;.page-header;.table-scrolling;.table-striped,,Separate PHP Logic from Markup;Extract View Helper,pending
kanboard-C0133,kanboard,app/Template/notification/subtask_create.php,1,21,mixed_php_html,Mixed PHP/HTML,33,,,,,,Separate PHP Logic from Markup;Extract View Helper,pending
kanboard-C0134,kanboard,app/Template/notification/subtask_update.php,1,27,mixed_php_html,Mixed PHP/HTML,50,,,,,,Separate PHP Logic from Markup;Extract View Helper,pending
kanboard-C0135,kanboard,app/Template/notification/task_assignee_change.php,1,24,mixed_php_html,Mixed PHP/HTML,29,,,,,,Separate PHP Logic from Markup;Extract View Helper,pending
kanboard-C0136,kanboard,app/Template/notification/task_create.php,1,47,mixed_php_html,Mixed PHP/HTML,60,,,,,,Separate PHP Logic from Markup;Extract View Helper,pending
kanboard-C0137,kanboard,app/Template/notification/task_move_swimlane.php,1,23,mixed_php_html,Mixed PHP/HTML,26,,,,,,Separate PHP Logic from Markup;Extract View Helper,pending
kanboard-C0138,kanboard,app/Template/notification/task_overdue.php,1,41,mixed_php_html,Mixed PHP/HTML,53,,,,,,Separate PHP Logic from Markup;Extract View Helper,pending
kanboard-C0139,kanboard,app/Template/plugin/directory.php,1,53,mixed_php_html,Mixed PHP/HTML,59,,,,.alert;.alert-error;.column-30;.column-40;.fa;.fa-ban;.fa-check-circle-o;.fa-fw;.markdown;.page-header,,Separate PHP Logic from Markup;Extract View Helper,pending
kanboard-C0140,kanboard,app/Template/plugin/show.php,1,80,mixed_php_html,Mixed PHP/HTML,117,,,,.alert;.column-10;.column-12;.column-25;.column-30;.column-35;.page-header,,Separate PHP Logic from Markup;Extract View Helper,pending
kanboard-C0141,kanboard,app/Template/project/dropdown.php,1,28,mixed_php_html,Mixed PHP/HTML,25,,,,.dropdown;.dropdown-menu;.dropdown-menu-link-icon;.fa;.fa-caret-down,,Separate PHP Logic from Markup;Extract View Helper,pending
kanboard-C0142,kanboard,app/Template/project/sidebar.php,1,71,mixed_php_html,Mixed PHP/HTML,96,,,,.sidebar,,Separate PHP Logic from Markup;Extract View Helper,pending
kanboard-C0143,kanboard,app/Template/project_creation/create.php,1,45,mixed_php_html,Mixed PHP/HTML,65,,,,#main;#project-creation-form;.alert;.alert-info;.form-help;.js-project-creation-options;.page-header,<?= $this->url->href(,Separate PHP Logic from Markup;Extract View Helper,pending
kanboard-C0144,kanboard,app/Template/project_edit/show.php,1,68,mixed_php_html,Mixed PHP/HTML,82,,,,.form-help;.form-inline;.page-header,<?= $this->url->href(,Separate PHP Logic from Markup;Extract View Helper,pending
kanboard-C0145,kanboard,app/Template/project_header/dropdown.php,1,75,mixed_php_html,Mixed PHP/HTML,81,,,,.action-menu;.dropdown;.dropdown-menu;.fa;.fa-arrows-h;.fa-caret-down;.fa-cog;.fa-fw;.fa-th;.filter-compact;.filter-display-mode;.filter-toggle-scrolling;.filter-wide,,Separate PHP Logic from Markup;Extract View Helper,pending
kanboard-C0146,kanboard,app/Template/project_header/search.php,1,58,mixed_php_html,Mixed PHP/HTML,76,,,,.dropdown;.dropdown-menu;.dropdown-menu-link-icon;.fa;.fa-bookmark;.fa-caret-down;.fa-folder-open;.fa-fw;.fa-user;.filter-box;.filter-helper;.input-addon;.input-addon-item;.search,<?= $this->url->dir() ?>,Separate PHP Logic from Markup;Extract View Helper,pending
kanboard-C0147,kanboard,app/Template/project_list/listing.php,1,56,mixed_php_html,Mixed PHP/HTML,58,,,,.alert;.margin-bottom;.page-header;.search;.table-border-left;.table-list;.table-list-row,<?= $this->url->dir() ?>,Separate PHP Logic from Markup;Extract View Helper,pending
kanboard-C0148,kanboard,app/Template/project_list/project_icons.php,1,23,mixed_php_html,Mixed PHP/HTML,38,,,,.fa;.fa-ban;.fa-fw;.fa-lock;.fa-share-alt;.fa-users;.table-list-icons,,Separate PHP Logic from Markup;Extract View Helper,pending
kanboard-C0149,kanboard,app/Template/project_overview/files.php,1,48,mixed_php_html,Mixed PHP/HTML,51,,,,.$this->file->icon($file[;.<?=;.dropdown;.dropdown-menu;.dropdown-menu-link-text;.fa;.fa-caret-down;.table-scrolling;.table-striped,,Separate PHP Logic from Markup;Extract View Helper,pending
kanboard-C0150,kanboard,app/Template/project_overview/images.php,1,48,mixed_php_html,Mixed PHP/HTML,40,,,,.dropdown;.dropdown-menu;.dropdown-menu-link-text;.fa;.fa-caret-down;.file-thumbnail;.file-thumbnail-content;.file-thumbnail-description;.file-thumbnail-title;.file-thumbnails,,Separate PHP Logic from Markup;Extract View Helper,pending
kanboard-C0151,kanboard,app/Template/project_overview/information.php,1,37,mixed_php_html,Mixed PHP/HTML,57,,,,.accordion-content;.accordion-section;.accordion-title;.panel,,Separate PHP Logic from Markup;Extract View Helper,pending
kanboard-C0152,kanboard,app/Template/project_permission/groups.php,1,60,mixed_php_html,Mixed PHP/HTML,57,,,,.alert;.btn;.btn-blue;.column-15;.column-50;.form-inline;.page-header;.panel;.table-scrolling,<?= $this->url->href(,Separate PHP Logic from Markup;Extract View Helper,pending
kanboard-C0153,kanboard,app/Template/project_permission/users.php,1,60,mixed_php_html,Mixed PHP/HTML,67,,,,.alert;.btn;.btn-blue;.column-15;.column-50;.form-inline;.panel;.table-scrolling,<?= $this->url->href(,Separate PHP Logic from Markup;Extract View Helper,pending
kanboard-C0154,kanboard,app/Template/project_predefined_content/show.php,1,45,mixed_php_html,Mixed PHP/HTML,37,,,,.dropdown;.dropdown-menu;.dropdown-menu-link-icon;.fa;.fa-caret-down;.fa-cog;.form-help;.page-header,<?= $this->url->href(,Separate PHP Logic from Markup;Extract View Helper,pending
kanboard-C0155,kanboard,app/Template/project_role/show.php,1,97,mixed_php_html,Mixed PHP/HTML,97,,,,.alert;.column-15;.dropdown;.dropdown-menu;.fa;.fa-arrow-right;.fa-ban;.fa-caret-down;.fa-check-circle-o;.fa-fw;.page-header;.table-striped,,Separate PHP Logic from Markup;Extract View Helper,pending
kanboard-C0156,kanboard,app/Template/project_tag/index.php,1,38,mixed_php_html,Mixed PHP/HTML,34,,,,.alert;.dropdown;.dropdown-menu;.dropdown-menu-link-icon;.fa;.fa-caret-down;.fa-cog;.page-header;.table-scrolling;.table-striped,,Separate PHP Logic from Markup;Extract View Helper,pending
kanboard-C0157,kanboard,app/Template/project_user_overview/layout.php,1,29,mixed_php_html,Mixed PHP/HTML,23,,,,#main;.page-header;.sidebar-container;.sidebar-content,,Separate PHP Logic from Markup;Extract View Helper,pending
kanboard-C0158,kanboard,app/Template/project_user_overview/roles.php,1,32,mixed_php_html,Mixed PHP/HTML,42,,,,.alert;.column-20;.column-25;.dashboard-project-stats;.fa;.fa-cog;.fa-fw;.fa-th;.table-fixed;.table-scrolling,,Separate PHP Logic from Markup;Extract View Helper,pending
kanboard-C0159,kanboard,app/Template/project_user_overview/tasks.php,1,46,mixed_php_html,Mixed PHP/HTML,58,,,,.$task[;.alert;.color-<?=;.column-10;.column-15;.column-5;.table-scrolling;.table-small;.table-striped;.task-table,,Separate PHP Logic from Markup;Extract View Helper,pending
kanboard-C0160,kanboard,app/Template/project_view/duplicate.php,1,30,mixed_php_html,Mixed PHP/HTML,37,,,,.alert;.alert-info;.btn;.btn-red;.confirm;.form-actions;.page-header,<?= $this->url->href(,Separate PHP Logic from Markup;Extract View Helper,pending
kanboard-C0161,kanboard,app/Template/project_view/notifications.php,1,20,mixed_php_html,Mixed PHP/HTML,26,,,,.alert;.btn;.btn-blue;.form-actions;.page-header,<?= $this->url->href(,Separate PHP Logic from Markup;Extract View Helper,pending
kanboard-C0162,kanboard,app/Template/project_view/share.php,1,20,mixed_php_html,Mixed PHP/HTML,22,,,,.alert;.alert-info;.no-bullet;.page-header;.panel,,Separate PHP Logic from Markup;Extract View Helper,pending
kanboard-C0163,kanboard,app/Template/project_view/show.php,1,87,mixed_php_html,Mixed PHP/HTML,115,,,,#<?= $column[;.alert;.alert-error;.column-10;.column-15;.column-20;.column-40;.fa;.fa-lock;.markdown;.page-header;.panel;.table-scrolling;.table-striped,,Separate PHP Logic from Markup;Extract View Helper,pending
kanboard-C0164,kanboard,app/Template/search/activity.php,1,40,mixed_php_html,Mixed PHP/HTML,44,,,,.alert;.fa;.fa-external-link;.fa-fw;.filter-box;.input-addon;.input-addon-item;.margin-bottom;.page-header;.panel;.search,<?= $this->url->dir() ?>,Separate PHP Logic from Markup;Extract View Helper,pending
kanboard-C0165,kanboard,app/Template/search/index.php,1,44,mixed_php_html,Mixed PHP/HTML,49,,,,.alert;.fa;.fa-external-link;.fa-fw;.filter-box;.input-addon;.input-addon-item;.margin-bottom;.page-header;.panel;.search,<?= $this->url->dir() ?>,Separate PHP Logic from Markup;Extract View Helper,pending
kanboard-C0166,kanboard,app/Template/search/results.php,1,33,mixed_php_html,Mixed PHP/HTML,24,,,,.$task[;.color-<?=;.table-list;.table-list-row,,Separate PHP Logic from Markup;Extract View Helper,pending
kanboard-C0167,kanboard,app/Template/subtask/create.php,1,27,mixed_php_html,Mixed PHP/HTML,35,,,,.alert;.alert-success;.page-header,<?= $this->url->href(,Separate PHP Logic from Markup;Extract View Helper,pending
kanboard-C0168,kanboard,app/Template/subtask/table.php,1,47,mixed_php_html,Mixed PHP/HTML,50,,,,#<?= $subtask[;.column-10;.column-30;.draggable-row-handle;.fa;.fa-arrows-alt;.subtask-table-td;.subtasks-table;.table-scrolling;.table-striped,,Separate PHP Logic from Markup;Extract View Helper,pending
kanboard-C0169,kanboard,app/Template/swimlane/index.php,1,28,mixed_php_html,Mixed PHP/HTML,27,,,,.alert;.alert-error;.page-header,,Separate PHP Logic from Markup;Extract View Helper,pending
kanboard-C0170,kanboard,app/Template/swimlane/table.php,1,55,mixed_php_html,Mixed PHP/HTML,56,,,,#<?= $swimlane[;.column-15;.draggable-row-handle;.dropdown;.dropdown-menu;.dropdown-menu-link-icon;.fa;.fa-arrows-alt;.fa-caret-down;.fa-cog;.swimlanes-table;.table-scrolling;.table-striped,,Separate PHP Logic from Markup;Extract View Helper,pending
kanboard-C0171,kanboard,app/Template/tag/index.php,1,30,mixed_php_html,Mixed PHP/HTML,35,,,,.alert;.column-20;.column-60;.page-header;.table-scrolling;.table-striped,,Separate PHP Logic from Markup;Extract View Helper,pending
kanboard-C0172,kanboard,app/Template/task/analytics.php,1,45,mixed_php_html,Mixed PHP/HTML,32,,,,.alert;.alert-info;.page-header;.panel;.table-striped,,Separate PHP Logic from Markup;Extract View Helper,pending
kanboard-C0173,kanboard,app/Template/task/changes.php,1,78,mixed_php_html,Mixed PHP/HTML,50,,,,.markdown,,Separate PHP Logic from Markup;Extract View Helper,pending
kanboard-C0174,kanboard,app/Template/task/details.php,1,173,mixed_php_html,Mixed PHP/HTML,212,,,,#task-summary;.$tag[;.$task[;.<?=;.color-<?=;.no-bullet;.task-summary-column;.task-summary-columns;.task-summary-container;.task-tag;.task-tags,,Separate PHP Logic from Markup;Extract View Helper,pending
kanboard-C0175,kanboard,app/Template/task/dropdown.php,1,66,mixed_php_html,Mixed PHP/HTML,71,,,,.dropdown;.dropdown-menu;.dropdown-menu-link-icon;.fa;.fa-caret-down,,Separate PHP Logic from Markup;Extract View Helper,pending
kanboard-C0176,kanboard,app/Template/task/sidebar.php,1,95,mixed_php_html,Mixed PHP/HTML,98,,,,.sidebar;.sidebar-icons;.sidebar-title,,Separate PHP Logic from Markup;Extract View Helper,pending
kanboard-C0177,kanboard,app/Template/task/time_tracking_details.php,1,34,mixed_php_html,Mixed PHP/HTML,44,,,,.alert;.column-10;.column-15;.column-20;.table-fixed;.table-scrolling,,Separate PHP Logic from Markup;Extract View Helper,pending
kanboard-C0178,kanboard,app/Template/task/transitions.php,1,33,mixed_php_html,Mixed PHP/HTML,40,,,,.alert;.page-header;.table-scrolling;.table-striped,,Separate PHP Logic from Markup;Extract View Helper,pending
kanboard-C0179,kanboard,app/Template/task_bulk/show.php,1,30,mixed_php_html,Mixed PHP/HTML,47,,,,.form-help;.page-header,<?= $this->url->href(,Separate PHP Logic from Markup;Extract View Helper,pending
kanboard-C0180,kanboard,app/Template/task_comments/show.php,1,36,mixed_php_html,Mixed PHP/HTML,34,,,,#comments;.accordion-content;.accordion-section;.accordion-title;.comment-sorting;.comments,,Separate PHP Logic from Markup;Extract View Helper,pending
kanboard-C0181,kanboard,app/Template/task_creation/duplicate_projects.php,1,25,mixed_php_html,Mixed PHP/HTML,26,,,,.alert;.form-actions;.page-header,<?= $this->url->href(,Separate PHP Logic from Markup;Extract View Helper,pending
kanboard-C0182,kanboard,app/Template/task_creation/show.php,1,48,mixed_php_html,Mixed PHP/HTML,58,,,,.page-header;.task-form-bottom;.task-form-container;.task-form-main-column;.task-form-secondary-column,<?= $this->url->href(,Separate PHP Logic from Markup;Extract View Helper,pending
kanboard-C0183,kanboard,app/Template/task_duplication/copy.php,1,46,mixed_php_html,Mixed PHP/HTML,54,,,,.alert;.form-actions;.form-help;.page-header,<?= $this->url->href(,Separate PHP Logic from Markup;Extract View Helper,pending
kanboard-C0184,kanboard,app/Template/task_duplication/move.php,1,48,mixed_php_html,Mixed PHP/HTML,54,,,,.alert;.form-actions;.form-help;.page-header,<?= $this->url->href(,Separate PHP Logic from Markup;Extract View Helper,pending
kanboard-C0185,kanboard,app/Template/task_external_link/table.php,1,47,mixed_php_html,Mixed PHP/HTML,45,,,,.column-10;.column-15;.dropdown;.dropdown-menu;.dropdown-menu-link-icon;.fa;.fa-caret-down;.fa-cog;.table-scrolling;.table-striped,,Separate PHP Logic from Markup;Extract View Helper,pending
kanboard-C0186,kanboard,app/Template/task_file/files.php,1,49,mixed_php_html,Mixed PHP/HTML,51,,,,.$this->file->icon($file[;.<?=;.column-10;.column-15;.dropdown;.dropdown-menu;.dropdown-menu-link-text;.fa;.fa-caret-down;.fa-eye;.fa-fw;.table-scrolling;.table-striped,,Separate PHP Logic from Markup;Extract View Helper,pending
kanboard-C0187,kanboard,app/Template/task_file/images.php,1,47,mixed_php_html,Mixed PHP/HTML,42,,,,.dropdown;.dropdown-menu;.dropdown-menu-link-text;.fa;.fa-caret-down;.file-thumbnail;.file-thumbnail-content;.file-thumbnail-description;.file-thumbnail-title;.file-thumbnails,,Separate PHP Logic from Markup;Extract View Helper,pending
kanboard-C0188,kanboard,app/Template/task_internal_link/table.php,1,78,mixed_php_html,Mixed PHP/HTML,103,,,,.column-10;.column-30;.dropdown;.dropdown-menu;.dropdown-menu-link-icon;.fa;.fa-caret-down;.fa-cog;.table-scrolling;.table-striped;.task-links-table;.task-links-task-count,,Separate PHP Logic from Markup;Extract View Helper,pending
kanboard-C0189,kanboard,app/Template/task_list/header.php,1,41,mixed_php_html,Mixed PHP/HTML,54,,,,.dropdown;.dropdown-menu;.dropdown-menu-link-icon;.fa;.fa-caret-down;.list-item-action-hidden;.list-item-actions;.list-item-links;.table-list-header;.table-list-header-count;.table-list-header-menu,,Separate PHP Logic from Markup;Extract View Helper,pending
kanboard-C0190,kanboard,app/Template/task_list/listing.php,1,41,mixed_php_html,Mixed PHP/HTML,34,,,,.$task[;.alert;.color-<?=;.table-list;.table-list-row,,Separate PHP Logic from Markup;Extract View Helper,pending
kanboard-C0191,kanboard,app/Template/task_list/task_avatars.php,1,20,mixed_php_html,Mixed PHP/HTML,20,,,,.task-avatar-assignee;.task-board-assignee;.task-board-change-assignee;.task-list-avatars,,Separate PHP Logic from Markup;Extract View Helper,pending
kanboard-C0192,kanboard,app/Template/task_list/task_details.php,1,32,mixed_php_html,Mixed PHP/HTML,44,,,,.$task[;.<?=;.table-list-category;.table-list-details;.task-list-tag,,Separate PHP Logic from Markup;Extract View Helper,pending
kanboard-C0193,kanboard,app/Template/task_list/task_icons.php,1,101,mixed_php_html,Mixed PHP/HTML,155,,,,.<?php;.fa;.fa-ban;.fa-bars;.fa-calendar;.fa-clock-o;.fa-code-fork;.fa-comments-o;.fa-external-link;.fa-file-text-o;.fa-flag;.fa-fw;.fa-paperclip;.fa-refresh;.fa-rotate-90;.fa-trophy;.flag-milestone;.if;.task-board-closed;.task-board-reference,,Separate PHP Logic from Markup;Extract View Helper,pending
kanboard-C0194,kanboard,app/Template/task_list/task_subtasks.php,1,22,mixed_php_html,Mixed PHP/HTML,24,,,,.column-20;.column-50;.subtask-assignee;.subtask-cell;.subtask-time-tracking-cell;.task-list-subtask;.task-list-subtasks,,Separate PHP Logic from Markup;Extract View Helper,pending
kanboard-C0195,kanboard,app/Template/task_mail/create.php,1,47,mixed_php_html,Mixed PHP/HTML,54,,,,.dropdown;.dropdown-menu;.dropdown-menu-link-icon;.fa;.fa-address-card-o;.fa-archive;.fa-caret-down;.js-autocomplete-email;.js-autocomplete-subject;.js-mail-form;.page-header,<?= $this->url->href(,Separate PHP Logic from Markup;Extract View Helper,pending
kanboard-C0196,kanboard,app/Template/task_recurrence/edit.php,1,43,mixed_php_html,Mixed PHP/HTML,45,,,,.page-header;.panel,<?= $this->url->href(,Separate PHP Logic from Markup;Extract View Helper,pending
kanboard-C0197,kanboard,app/Template/task_recurrence/info.php,1,39,mixed_php_html,Mixed PHP/HTML,52,,,,.markdown,,Separate PHP Logic from Markup;Extract View Helper,pending
kanboard-C0198,kanboard,app/Template/twofactor/show.php,1,32,mixed_php_html,Mixed PHP/HTML,49,,,,.page-header;.panel,<?= $this->url->href(,Separate PHP Logic from Markup;Extract View Helper,pending
kanboard-C0199,kanboard,app/Template/user_list/dropdown.php,1,100,mixed_php_html,Mixed PHP/HTML,129,,,,.dropdown;.dropdown-menu;.dropdown-menu-link-icon;.fa;.fa-caret-down,,Separate PHP Logic from Markup;Extract View Helper,pending
kanboard-C0200,kanboard,app/Template/user_list/listing.php,1,51,mixed_php_html,Mixed PHP/HTML,47,,,,.alert;.margin-bottom;.page-header;.search;.table-border-left;.table-list;.table-list-row,<?= $this->url->dir() ?>,Separate PHP Logic from Markup;Extract View Helper,pending
kanboard-C0201,kanboard,app/Template/user_list/user_icons.php,1,55,mixed_php_html,Mixed PHP/HTML,66,,,,.fa;.fa-ban;.fa-bell-o;.fa-bell-slash-o;.fa-cloud;.fa-lock;.fa-shield;.fa-star;.fa-star-half-o;.fa-star-o;.table-list-icons,,Separate PHP Logic from Markup;Extract View Helper,pending
kanboard-C0202,kanboard,app/Template/user_modification/show.php,1,41,mixed_php_html,Mixed PHP/HTML,56,,,,.page-header,<?= $this->url->href(,Separate PHP Logic from Markup;Extract View Helper,pending
kanboard-C0203,kanboard,app/Template/user_view/last.php,1,24,mixed_php_html,Mixed PHP/HTML,33,,,,.alert;.column-15;.column-20;.page-header;.table-fixed;.table-scrolling;.table-small,,Separate PHP Logic from Markup;Extract View Helper,pending
kanboard-C0204,kanboard,app/Template/user_view/layout.php,1,26,mixed_php_html,Mixed PHP/HTML,18,,,,#main;#user-section;.page-header;.sidebar-container;.sidebar-content,,Separate PHP Logic from Markup;Extract View Helper,pending
kanboard-C0205,kanboard,app/Template/user_view/notifications.php,1,22,mixed_php_html,Mixed PHP/HTML,28,,,,.page-header,<?= $this->url->href(,Separate PHP Logic from Markup;Extract View Helper,pending
kanboard-C0206,kanboard,app/Template/user_view/password_reset.php,1,26,mixed_php_html,Mixed PHP/HTML,38,,,,.alert;.column-15;.column-20;.column-5;.page-header;.table-fixed;.table-scrolling;.table-small,,Separate PHP Logic from Markup;Extract View Helper,pending
kanboard-C0207,kanboard,app/Template/user_view/sessions.php,1,26,mixed_php_html,Mixed PHP/HTML,37,,,,.alert;.column-10;.column-15;.column-20;.page-header;.table-fixed;.table-scrolling;.table-small,,Separate PHP Logic from Markup;Extract View Helper,pending
kanboard-C0208,kanboard,app/Template/user_view/show.php,1,51,mixed_php_html,Mixed PHP/HTML,88,,,,.no-bullet;.page-header;.panel,,Separate PHP Logic from Markup;Extract View Helper,pending
kanboard-C0209,kanboard,app/Template/user_view/sidebar.php,1,108,mixed_php_html,Mixed PHP/HTML,163,,,,.sidebar;.sidebar-title,,Separate PHP Logic from Markup;Extract View Helper,pending
kanboard-C0210,kanboard,app/Template/user_view/timesheet.php,1,29,mixed_php_html,Mixed PHP/HTML,41,,,,.alert;.column-10;.column-20;.column-25;.page-header;.table-fixed;.table-scrolling;.table-striped,,Separate PHP Logic from Markup;Extract View Helper,pending
kanboard-C0211,kanboard,app/Template/web_notification/show.php,1,68,mixed_php_html,Mixed PHP/HTML,82,,,,.alert;.fa;.fa-arrows-alt;.fa-calendar-times-o;.fa-comments-o;.fa-file-o;.fa-fw;.fa-newspaper-o;.fa-tasks;.page-header;.table-border-left;.table-list;.table-list-details;.table-list-header;.table-list-header-count;.table-list-row;.table-list-title,,Separate PHP Logic from Markup;Extract View Helper,pending
kanboard-C0212,kanboard,app/Locale/bs_BA/translations.php,1,1411,sql_data_access,SQL/Data Access Region,143,,,CSV;a;an;another;custom;each;first;group;only;task;tasks;the;this;your,,,Light Data-Access Isolation;Extract Method,pending
kanboard-C0213,kanboard,app/Locale/ca_ES/translations.php,1,1411,sql_data_access,SQL/Data Access Region,130,,,CSV;a;an;another;custom;each;first;group;only;task;tasks;the;this;your,,,Light Data-Access Isolation;Extract Method,pending
kanboard-C0214,kanboard,app/Locale/cs_CZ/translations.php,1,1411,sql_data_access,SQL/Data Access Region,126,,,CSV;a;an;another;custom;each;first;group;only;task;tasks;the;this;your,,,Light Data-Access Isolation;Extract Method,pending
kanboard-C0215,kanboard,app/Locale/da_DK/translations.php,1,1411,sql_data_access,SQL/Data Access Region,205,,,CSV;a;an;another;custom;each;first;group;only;task;tasks;the;this;your,,,Light Data-Access Isolation;Extract Method,pending
kanboard-C0216,kanboard,app/Locale/de_DE/translations.php,1,1411,sql_data_access,SQL/Data Access Region,144,,,CSV;a;an;another;custom;each;first;group;only;task;tasks;the;this;your,,,Light Data-Access Isolation;Extract Method,pending
kanboard-C0217,kanboard,app/Locale/el_GR/translations.php,1,1411,sql_data_access,SQL/Data Access Region,130,,,CSV;a;an;another;custom;each;first;group;only;task;tasks;the;this;your,,,Light Data-Access Isolation;Extract Method,pending
kanboard-C0218,kanboard,app/Locale/es_ES/translations.php,1,1411,sql_data_access,SQL/Data Access Region,144,,,CSV;a;an;another;custom;each;first;group;only;task;tasks;the;this;your,,,Light Data-Access Isolation;Extract Method,pending
kanboard-C0219,kanboard,app/Locale/es_VE/translations.php,1,1411,sql_data_access,SQL/Data Access Region,144,,,CSV;a;an;another;custom;each;first;group;only;task;tasks;the;this;your,,,Light Data-Access Isolation;Extract Method,pending
kanboard-C0220,kanboard,app/Locale/fa_IR/translations.php,1,1411,sql_data_access,SQL/Data Access Region,108,,,CSV;a;an;another;custom;each;first;group;only;task;tasks;the;this;your,,,Light Data-Access Isolation;Extract Method,pending
kanboard-C0221,kanboard,app/Locale/fi_FI/translations.php,1,1411,sql_data_access,SQL/Data Access Region,120,,,CSV;a;an;another;custom;each;first;group;only;task;tasks;the;this;your,,,Light Data-Access Isolation;Extract Method,pending
kanboard-C0222,kanboard,app/Locale/fr_FR/translations.php,1,1411,sql_data_access,SQL/Data Access Region,145,,,CSV;a;an;another;custom;each;first;group;only;task;tasks;the;this;your,,,Light Data-Access Isolation;Extract Method,pending
kanboard-C0223,kanboard,app/Locale/hr_HR/translations.php,1,1411,sql_data_access,SQL/Data Access Region,123,,,CSV;a;an;another;custom;each;first;group;only;task;tasks;the;this;your,,,Light Data-Access Isolation;Extract Method,pending
kanboard-C0224,kanboard,app/Locale/hu_HU/translations.php,1,1411,sql_data_access,SQL/Data Access Region,144,,,CSV;a;an;another;custom;each;first;group;only;task;tasks;the;this;your,,,Light Data-Access Isolation;Extract Method,pending
kanboard-C0225,kanboard,app/Locale/id_ID/translations.php,1,1411,sql_data_access,SQL/Data Access Region,139,,,CSV;a;an;another;custom;each;first;group;only;task;tasks;the;this;your,,,Light Data-Access Isolation;Extract Method,pending
kanboard-C0226,kanboard,app/Locale/it_IT/translations.php,1,1411,sql_data_access,SQL/Data Access Region,144,,,CSV;a;an;another;custom;each;first;group;only;task;tasks;the;this;your,,,Light Data-Access Isolation;Extract Method,pending
kanboard-C0227,kanboard,app/Locale/ja_JP/translations.php,1,1411,sql_data_access,SQL/Data Access Region,108,,,CSV;a;an;another;custom;each;first;group;only;task;tasks;the;this;your,,,Light Data-Access Isolation;Extract Method,pending
kanboard-C0228,kanboard,app/Locale/ko_KR/translations.php,1,1411,sql_data_access,SQL/Data Access Region,140,,,CSV;a;an;another;custom;each;first;group;only;task;tasks;the;this;your,,,Light Data-Access Isolation;Extract Method,pending
kanboard-C0229,kanboard,app/Locale/my_MY/translations.php,1,1411,sql_data_access,SQL/Data Access Region,125,,,CSV;a;an;another;custom;each;first;group;only;task;tasks;the;this;your,,,Light Data-Access Isolation;Extract Method,pending
kanboard-C0230,kanboard,app/Locale/nb_NO/translations.php,1,1411,sql_data_access,SQL/Data Access Region,241,,,CSV;a;an;another;custom;each;first;group;only;task;tasks;the;this;your,,,Light Data-Access Isolation;Extract Method,pending
kanboard-C0231,kanboard,app/Locale/nl_NL/translations.php,1,1411,sql_data_access,SQL/Data Access Region,125,,,CSV;a;an;another;custom;each;first;group;only;task;tasks;the;this;van;your,,,Light Data-Access Isolation;Extract Method,pending
kanboard-C0232,kanboard,app/Locale/pl_PL/translations.php,1,1411,sql_data_access,SQL/Data Access Region,145,,,CSV;a;an;another;custom;each;first;group;only;task;tasks;the;this;your,,,Light Data-Access Isolation;Extract Method,pending
kanboard-C0233,kanboard,app/Locale/pt_BR/translations.php,1,1411,sql_data_access,SQL/Data Access Region,149,,,CSV;a;an;another;custom;each;first;group;only;task;tasks;the;this;your,,,Light Data-Access Isolation;Extract Method,pending
kanboard-C0234,kanboard,app/Locale/pt_PT/translations.php,1,1411,sql_data_access,SQL/Data Access Region,147,,,CSV;a;an;another;custom;each;first;group;only;task;tasks;the;this;your,,,Light Data-Access Isolation;Extract Method,pending
kanboard-C0235,kanboard,app/Locale/ro_RO/translations.php,1,1411,sql_data_access,SQL/Data Access Region,144,,,CSV;a;an;another;custom;each;first;group;only;task;tasks;the;this;your,,,Light Data-Access Isolation;Extract Method,pending
kanboard-C0236,kanboard,app/Locale/ru_RU/translations.php,1,1411,sql_data_access,SQL/Data Access Region,142,,,CSV;a;an;another;custom;each;first;group;only;task;tasks;the;this;your,,,Light Data-Access Isolation;Extract Method,pending
kanboard-C0237,kanboard,app/Locale/sk_SK/translations.php,1,1411,sql_data_access,SQL/Data Access Region,144,,,CSV;a;an;another;custom;each;first;group;only;task;tasks;the;this;your,,,Light Data-Access Isolation;Extract Method,pending
kanboard-C0238,kanboard,app/Locale/sr_Latn_RS/translations.php,1,1411,sql_data_access,SQL/Data Access Region,120,,,CSV;a;an;another;custom;each;first;group;only;task;tasks;the;this;your,,,Light Data-Access Isolation;Extract Method,pending
kanboard-C0239,kanboard,app/Locale/sv_SE/translations.php,1,1411,sql_data_access,SQL/Data Access Region,127,,,CSV;a;an;another;custom;each;first;group;only;task;tasks;the;this;your,,,Light Data-Access Isolation;Extract Method,pending
kanboard-C0240,kanboard,app/Locale/th_TH/translations.php,1,1411,sql_data_access,SQL/Data Access Region,128,,,CSV;a;an;another;custom;each;first;group;only;task;tasks;the;this;your,,,Light Data-Access Isolation;Extract Method,pending
kanboard-C0241,kanboard,app/Locale/tr_TR/translations.php,1,1411,sql_data_access,SQL/Data Access Region,144,,,CSV;a;an;another;custom;each;first;group;only;task;tasks;the;this;your,,,Light Data-Access Isolation;Extract Method,pending
kanboard-C0242,kanboard,app/Locale/uk_UA/translations.php,1,1411,sql_data_access,SQL/Data Access Region,144,,,CSV;a;an;another;custom;each;first;group;only;task;tasks;the;this;your,,,Light Data-Access Isolation;Extract Method,pending
kanboard-C0243,kanboard,app/Locale/vi_VN/translations.php,1,1411,sql_data_access,SQL/Data Access Region,143,,,CSV;a;an;another;custom;each;first;group;only;task;tasks;the;this;your,,,Light Data-Access Isolation;Extract Method,pending
kanboard-C0244,kanboard,app/Locale/zh_CN/translations.php,1,1411,sql_data_access,SQL/Data Access Region,110,,,CSV;a;an;another;custom;each;first;group;only;task;tasks;the;this;your,,,Light Data-Access Isolation;Extract Method,pending
kanboard-C0245,kanboard,app/Locale/zh_TW/translations.php,1,1411,sql_data_access,SQL/Data Access Region,110,,,CSV;a;an;another;custom;each;first;group;only;task;tasks;the;this;your,,,Light Data-Access Isolation;Extract Method,pending
kanboard-C0246,kanboard,app/Core/Http/Client.php,227,313,long_method_or_region,Long or Complex Region,11,,,,,,Extract Method,pending
kanboard-C0247,kanboard,app/Core/Http/Request.php,1,371,long_method_or_region,Long or Complex Region,30,,,,,,Extract Method,pending
kanboard-C0248,kanboard,app/Core/Plugin/Installer.php,1,139,sql_data_access,SQL/Data Access Region,13,,,URL;a,,,Light Data-Access Isolation;Extract Method,pending
