project,file,php_version,image,status,message
opencart,tests/phpcs/OpenCart/Sniffs/Variables/ValidVariableNameSniff.php,5.6.40,php:5.6-cli,PASS,No syntax errors detected in /app/tests/phpcs/OpenCart/Sniffs/Variables/ValidVariableNameSniff.php
opencart,tests/phpunit/opencart/catalog/model/account/AddressTest.php,5.6.40,php:5.6-cli,PASS,No syntax errors detected in /app/tests/phpunit/opencart/catalog/model/account/AddressTest.php
opencart,tests/phpunit/opencart/catalog/model/account/DownloadTest.php,5.6.40,php:5.6-cli,PASS,No syntax errors detected in /app/tests/phpunit/opencart/catalog/model/account/DownloadTest.php
opencart,tests/phpunit/opencart/catalog/model/account/OrderTest.php,5.6.40,php:5.6-cli,PASS,No syntax errors detected in /app/tests/phpunit/opencart/catalog/model/account/OrderTest.php
opencart,tests/phpunit/opencart/catalog/model/checkout/OrderTest.php,5.6.40,php:5.6-cli,PASS,No syntax errors detected in /app/tests/phpunit/opencart/catalog/model/checkout/OrderTest.php
opencart,tests/phpunit/selenium/catalog/AccountTest.php,5.6.40,php:5.6-cli,PASS,No syntax errors detected in /app/tests/phpunit/selenium/catalog/AccountTest.php
opencart,tests/phpunit/selenium/catalog/PayPalExpressTest.php,5.6.40,php:5.6-cli,PASS,No syntax errors detected in /app/tests/phpunit/selenium/catalog/PayPalExpressTest.php
opencart,tests/phpunit/selenium/catalog/SagePayDirectTest.php,5.6.40,php:5.6-cli,PASS,No syntax errors detected in /app/tests/phpunit/selenium/catalog/SagePayDirectTest.php
opencart,tests/setup/install.php,5.6.40,php:5.6-cli,PASS,No syntax errors detected in /app/tests/setup/install.php
opencart,upload/admin/controller/catalog/attribute.php,5.6.40,php:5.6-cli,PASS,No syntax errors detected in /app/upload/admin/controller/catalog/attribute.php
opencart,upload/admin/controller/catalog/attribute_group.php,5.6.40,php:5.6-cli,PASS,No syntax errors detected in /app/upload/admin/controller/catalog/attribute_group.php
opencart,upload/admin/controller/catalog/category.php,5.6.40,php:5.6-cli,PASS,No syntax errors detected in /app/upload/admin/controller/catalog/category.php
opencart,upload/admin/controller/catalog/download.php,5.6.40,php:5.6-cli,PASS,No syntax errors detected in /app/upload/admin/controller/catalog/download.php
opencart,upload/admin/controller/catalog/filter.php,5.6.40,php:5.6-cli,PASS,No syntax errors detected in /app/upload/admin/controller/catalog/filter.php
opencart,upload/admin/controller/catalog/information.php,5.6.40,php:5.6-cli,PASS,No syntax errors detected in /app/upload/admin/controller/catalog/information.php
opencart,upload/admin/controller/catalog/manufacturer.php,5.6.40,php:5.6-cli,PASS,No syntax errors detected in /app/upload/admin/controller/catalog/manufacturer.php
opencart,upload/admin/controller/catalog/option.php,5.6.40,php:5.6-cli,PASS,No syntax errors detected in /app/upload/admin/controller/catalog/option.php
opencart,upload/admin/controller/catalog/product.php,5.6.40,php:5.6-cli,PASS,No syntax errors detected in /app/upload/admin/controller/catalog/product.php
opencart,upload/admin/controller/catalog/recurring.php,5.6.40,php:5.6-cli,PASS,No syntax errors detected in /app/upload/admin/controller/catalog/recurring.php
opencart,upload/admin/controller/catalog/review.php,5.6.40,php:5.6-cli,PASS,No syntax errors detected in /app/upload/admin/controller/catalog/review.php
opencart,upload/admin/controller/common/column_left.php,5.6.40,php:5.6-cli,PASS,No syntax errors detected in /app/upload/admin/controller/common/column_left.php
opencart,upload/admin/controller/common/dashboard.php,5.6.40,php:5.6-cli,PASS,No syntax errors detected in /app/upload/admin/controller/common/dashboard.php
opencart,upload/admin/controller/common/filemanager.php,5.6.40,php:5.6-cli,PASS,No syntax errors detected in /app/upload/admin/controller/common/filemanager.php
opencart,upload/admin/controller/common/login.php,5.6.40,php:5.6-cli,PASS,No syntax errors detected in /app/upload/admin/controller/common/login.php
opencart,upload/admin/controller/common/profile.php,5.6.40,php:5.6-cli,PASS,No syntax errors detected in /app/upload/admin/controller/common/profile.php
opencart,upload/admin/controller/common/reset.php,5.6.40,php:5.6-cli,PASS,No syntax errors detected in /app/upload/admin/controller/common/reset.php
opencart,upload/admin/controller/common/security.php,5.6.40,php:5.6-cli,PASS,No syntax errors detected in /app/upload/admin/controller/common/security.php
opencart,upload/admin/controller/customer/custom_field.php,5.6.40,php:5.6-cli,PASS,No syntax errors detected in /app/upload/admin/controller/customer/custom_field.php
opencart,upload/admin/controller/customer/customer.php,5.6.40,php:5.6-cli,PASS,No syntax errors detected in /app/upload/admin/controller/customer/customer.php
opencart,upload/admin/controller/customer/customer_approval.php,5.6.40,php:5.6-cli,PASS,No syntax errors detected in /app/upload/admin/controller/customer/customer_approval.php
opencart,upload/admin/controller/customer/customer_group.php,5.6.40,php:5.6-cli,PASS,No syntax errors detected in /app/upload/admin/controller/customer/customer_group.php
opencart,upload/admin/controller/design/banner.php,5.6.40,php:5.6-cli,PASS,No syntax errors detected in /app/upload/admin/controller/design/banner.php
opencart,upload/admin/controller/design/layout.php,5.6.40,php:5.6-cli,PASS,No syntax errors detected in /app/upload/admin/controller/design/layout.php
opencart,upload/admin/controller/design/seo_url.php,5.6.40,php:5.6-cli,PASS,No syntax errors detected in /app/upload/admin/controller/design/seo_url.php
opencart,upload/admin/controller/design/theme.php,5.6.40,php:5.6-cli,PASS,No syntax errors detected in /app/upload/admin/controller/design/theme.php
opencart,upload/admin/controller/design/translation.php,5.6.40,php:5.6-cli,PASS,No syntax errors detected in /app/upload/admin/controller/design/translation.php
opencart,upload/admin/controller/extension/advertise/google.php,5.6.40,php:5.6-cli,PASS,No syntax errors detected in /app/upload/admin/controller/extension/advertise/google.php
opencart,upload/admin/controller/extension/dashboard/chart.php,5.6.40,php:5.6-cli,PASS,No syntax errors detected in /app/upload/admin/controller/extension/dashboard/chart.php
opencart,upload/admin/controller/extension/extension/advertise.php,5.6.40,php:5.6-cli,PASS,No syntax errors detected in /app/upload/admin/controller/extension/extension/advertise.php
opencart,upload/admin/controller/extension/extension/analytics.php,5.6.40,php:5.6-cli,PASS,No syntax errors detected in /app/upload/admin/controller/extension/extension/analytics.php
opencart,upload/admin/controller/extension/extension/captcha.php,5.6.40,php:5.6-cli,PASS,No syntax errors detected in /app/upload/admin/controller/extension/extension/captcha.php
opencart,upload/admin/controller/extension/extension/dashboard.php,5.6.40,php:5.6-cli,PASS,No syntax errors detected in /app/upload/admin/controller/extension/extension/dashboard.php
opencart,upload/admin/controller/extension/extension/menu.php,5.6.40,php:5.6-cli,PASS,No syntax errors detected in /app/upload/admin/controller/extension/extension/menu.php
opencart,upload/admin/controller/extension/extension/module.php,5.6.40,php:5.6-cli,PASS,No syntax errors detected in /app/upload/admin/controller/extension/extension/module.php
opencart,upload/admin/controller/extension/extension/payment.php,5.6.40,php:5.6-cli,PASS,No syntax errors detected in /app/upload/admin/controller/extension/extension/payment.php
opencart,upload/admin/controller/extension/extension/theme.php,5.6.40,php:5.6-cli,PASS,No syntax errors detected in /app/upload/admin/controller/extension/extension/theme.php
opencart,upload/admin/controller/extension/fraud/fraudlabspro.php,5.6.40,php:5.6-cli,PASS,No syntax errors detected in /app/upload/admin/controller/extension/fraud/fraudlabspro.php
opencart,upload/admin/controller/extension/fraud/maxmind.php,5.6.40,php:5.6-cli,PASS,No syntax errors detected in /app/upload/admin/controller/extension/fraud/maxmind.php
opencart,upload/admin/controller/extension/module/amazon_login.php,5.6.40,php:5.6-cli,PASS,No syntax errors detected in /app/upload/admin/controller/extension/module/amazon_login.php
opencart,upload/admin/controller/extension/module/amazon_pay.php,5.6.40,php:5.6-cli,PASS,No syntax errors detected in /app/upload/admin/controller/extension/module/amazon_pay.php
opencart,upload/admin/controller/extension/module/banner.php,5.6.40,php:5.6-cli,PASS,No syntax errors detected in /app/upload/admin/controller/extension/module/banner.php
opencart,upload/admin/controller/extension/module/bestseller.php,5.6.40,php:5.6-cli,PASS,No syntax errors detected in /app/upload/admin/controller/extension/module/bestseller.php
opencart,upload/admin/controller/extension/module/carousel.php,5.6.40,php:5.6-cli,PASS,No syntax errors detected in /app/upload/admin/controller/extension/module/carousel.php
opencart,upload/admin/controller/extension/module/ebay_listing.php,5.6.40,php:5.6-cli,PASS,No syntax errors detected in /app/upload/admin/controller/extension/module/ebay_listing.php
opencart,upload/admin/controller/extension/module/featured.php,5.6.40,php:5.6-cli,PASS,No syntax errors detected in /app/upload/admin/controller/extension/module/featured.php
opencart,upload/admin/controller/extension/module/html.php,5.6.40,php:5.6-cli,PASS,No syntax errors detected in /app/upload/admin/controller/extension/module/html.php
opencart,upload/admin/controller/extension/module/latest.php,5.6.40,php:5.6-cli,PASS,No syntax errors detected in /app/upload/admin/controller/extension/module/latest.php
opencart,upload/admin/controller/extension/module/pp_login.php,5.6.40,php:5.6-cli,PASS,No syntax errors detected in /app/upload/admin/controller/extension/module/pp_login.php
opencart,upload/admin/controller/extension/module/slideshow.php,5.6.40,php:5.6-cli,PASS,No syntax errors detected in /app/upload/admin/controller/extension/module/slideshow.php
opencart,upload/admin/controller/extension/module/special.php,5.6.40,php:5.6-cli,PASS,No syntax errors detected in /app/upload/admin/controller/extension/module/special.php
opencart,upload/admin/controller/extension/openbay/amazon.php,5.6.40,php:5.6-cli,PASS,No syntax errors detected in /app/upload/admin/controller/extension/openbay/amazon.php
opencart,upload/admin/controller/extension/openbay/amazon_listing.php,5.6.40,php:5.6-cli,PASS,No syntax errors detected in /app/upload/admin/controller/extension/openbay/amazon_listing.php
opencart,upload/admin/controller/extension/openbay/amazon_product.php,5.6.40,php:5.6-cli,PASS,No syntax errors detected in /app/upload/admin/controller/extension/openbay/amazon_product.php
opencart,upload/admin/controller/extension/openbay/amazonus.php,5.6.40,php:5.6-cli,PASS,No syntax errors detected in /app/upload/admin/controller/extension/openbay/amazonus.php
opencart,upload/admin/controller/extension/openbay/amazonus_listing.php,5.6.40,php:5.6-cli,PASS,No syntax errors detected in /app/upload/admin/controller/extension/openbay/amazonus_listing.php
opencart,upload/admin/controller/extension/openbay/amazonus_product.php,5.6.40,php:5.6-cli,PASS,No syntax errors detected in /app/upload/admin/controller/extension/openbay/amazonus_product.php
opencart,upload/admin/controller/extension/openbay/ebay.php,5.6.40,php:5.6-cli,PASS,No syntax errors detected in /app/upload/admin/controller/extension/openbay/ebay.php
opencart,upload/admin/controller/extension/openbay/ebay_profile.php,5.6.40,php:5.6-cli,PASS,No syntax errors detected in /app/upload/admin/controller/extension/openbay/ebay_profile.php
opencart,upload/admin/controller/extension/openbay/etsy.php,5.6.40,php:5.6-cli,PASS,No syntax errors detected in /app/upload/admin/controller/extension/openbay/etsy.php
opencart,upload/admin/controller/extension/openbay/etsy_product.php,5.6.40,php:5.6-cli,PASS,No syntax errors detected in /app/upload/admin/controller/extension/openbay/etsy_product.php
opencart,upload/admin/controller/extension/openbay/fba.php,5.6.40,php:5.6-cli,PASS,No syntax errors detected in /app/upload/admin/controller/extension/openbay/fba.php
opencart,upload/admin/controller/extension/payment/alipay.php,5.6.40,php:5.6-cli,PASS,No syntax errors detected in /app/upload/admin/controller/extension/payment/alipay.php
opencart,upload/admin/controller/extension/payment/alipay_cross.php,5.6.40,php:5.6-cli,PASS,No syntax errors detected in /app/upload/admin/controller/extension/payment/alipay_cross.php
opencart,upload/admin/controller/extension/payment/amazon_login_pay.php,5.6.40,php:5.6-cli,PASS,No syntax errors detected in /app/upload/admin/controller/extension/payment/amazon_login_pay.php
opencart,upload/admin/controller/extension/payment/authorizenet_aim.php,5.6.40,php:5.6-cli,PASS,No syntax errors detected in /app/upload/admin/controller/extension/payment/authorizenet_aim.php
opencart,upload/admin/controller/extension/payment/authorizenet_sim.php,5.6.40,php:5.6-cli,PASS,No syntax errors detected in /app/upload/admin/controller/extension/payment/authorizenet_sim.php
opencart,upload/admin/controller/extension/payment/bank_transfer.php,5.6.40,php:5.6-cli,PASS,No syntax errors detected in /app/upload/admin/controller/extension/payment/bank_transfer.php
opencart,upload/admin/controller/extension/payment/bluepay_hosted.php,5.6.40,php:5.6-cli,PASS,No syntax errors detected in /app/upload/admin/controller/extension/payment/bluepay_hosted.php
opencart,upload/admin/controller/extension/payment/bluepay_redirect.php,5.6.40,php:5.6-cli,PASS,No syntax errors detected in /app/upload/admin/controller/extension/payment/bluepay_redirect.php
opencart,upload/admin/controller/extension/payment/cardconnect.php,5.6.40,php:5.6-cli,PASS,No syntax errors detected in /app/upload/admin/controller/extension/payment/cardconnect.php
opencart,upload/admin/controller/extension/payment/cardinity.php,5.6.40,php:5.6-cli,PASS,No syntax errors detected in /app/upload/admin/controller/extension/payment/cardinity.php
opencart,upload/admin/controller/extension/payment/cheque.php,5.6.40,php:5.6-cli,PASS,No syntax errors detected in /app/upload/admin/controller/extension/payment/cheque.php
opencart,upload/admin/controller/extension/payment/divido.php,5.6.40,php:5.6-cli,PASS,No syntax errors detected in /app/upload/admin/controller/extension/payment/divido.php
opencart,upload/admin/controller/extension/payment/eway.php,5.6.40,php:5.6-cli,PASS,No syntax errors detected in /app/upload/admin/controller/extension/payment/eway.php
opencart,upload/admin/controller/extension/payment/firstdata.php,5.6.40,php:5.6-cli,PASS,No syntax errors detected in /app/upload/admin/controller/extension/payment/firstdata.php
opencart,upload/admin/controller/extension/payment/firstdata_remote.php,5.6.40,php:5.6-cli,PASS,No syntax errors detected in /app/upload/admin/controller/extension/payment/firstdata_remote.php
opencart,upload/admin/controller/extension/payment/g2apay.php,5.6.40,php:5.6-cli,PASS,No syntax errors detected in /app/upload/admin/controller/extension/payment/g2apay.php
opencart,upload/admin/controller/extension/payment/globalpay.php,5.6.40,php:5.6-cli,PASS,No syntax errors detected in /app/upload/admin/controller/extension/payment/globalpay.php
opencart,upload/admin/controller/extension/payment/globalpay_remote.php,5.6.40,php:5.6-cli,PASS,No syntax errors detected in /app/upload/admin/controller/extension/payment/globalpay_remote.php
opencart,upload/admin/controller/extension/payment/klarna_account.php,5.6.40,php:5.6-cli,PASS,No syntax errors detected in /app/upload/admin/controller/extension/payment/klarna_account.php
opencart,upload/admin/controller/extension/payment/klarna_checkout.php,5.6.40,php:5.6-cli,PASS,No syntax errors detected in /app/upload/admin/controller/extension/payment/klarna_checkout.php
opencart,upload/admin/controller/extension/payment/klarna_invoice.php,5.6.40,php:5.6-cli,PASS,No syntax errors detected in /app/upload/admin/controller/extension/payment/klarna_invoice.php
opencart,upload/admin/controller/extension/payment/laybuy.php,5.6.40,php:5.6-cli,PASS,No syntax errors detected in /app/upload/admin/controller/extension/payment/laybuy.php
opencart,upload/admin/controller/extension/payment/liqpay.php,5.6.40,php:5.6-cli,PASS,No syntax errors detected in /app/upload/admin/controller/extension/payment/liqpay.php
opencart,upload/admin/controller/extension/payment/nochex.php,5.6.40,php:5.6-cli,PASS,No syntax errors detected in /app/upload/admin/controller/extension/payment/nochex.php
opencart,upload/admin/controller/extension/payment/paymate.php,5.6.40,php:5.6-cli,PASS,No syntax errors detected in /app/upload/admin/controller/extension/payment/paymate.php
opencart,upload/admin/controller/extension/payment/paypoint.php,5.6.40,php:5.6-cli,PASS,No syntax errors detected in /app/upload/admin/controller/extension/payment/paypoint.php
opencart,upload/admin/controller/extension/payment/payza.php,5.6.40,php:5.6-cli,PASS,No syntax errors detected in /app/upload/admin/controller/extension/payment/payza.php
opencart,upload/admin/controller/extension/payment/perpetual_payments.php,5.6.40,php:5.6-cli,PASS,No syntax errors detected in /app/upload/admin/controller/extension/payment/perpetual_payments.php
opencart,upload/admin/controller/extension/payment/pilibaba.php,5.6.40,php:5.6-cli,PASS,No syntax errors detected in /app/upload/admin/controller/extension/payment/pilibaba.php
opencart,upload/admin/controller/extension/payment/pp_braintree.php,5.6.40,php:5.6-cli,PASS,No syntax errors detected in /app/upload/admin/controller/extension/payment/pp_braintree.php
opencart,upload/admin/controller/extension/payment/pp_express.php,5.6.40,php:5.6-cli,PASS,No syntax errors detected in /app/upload/admin/controller/extension/payment/pp_express.php
opencart,upload/admin/controller/extension/payment/pp_payflow.php,5.6.40,php:5.6-cli,PASS,No syntax errors detected in /app/upload/admin/controller/extension/payment/pp_payflow.php
opencart,upload/admin/controller/extension/payment/pp_payflow_iframe.php,5.6.40,php:5.6-cli,PASS,No syntax errors detected in /app/upload/admin/controller/extension/payment/pp_payflow_iframe.php
opencart,upload/admin/controller/extension/payment/pp_pro.php,5.6.40,php:5.6-cli,PASS,No syntax errors detected in /app/upload/admin/controller/extension/payment/pp_pro.php
opencart,upload/admin/controller/extension/payment/pp_pro_iframe.php,5.6.40,php:5.6-cli,PASS,No syntax errors detected in /app/upload/admin/controller/extension/payment/pp_pro_iframe.php
opencart,upload/admin/controller/extension/payment/pp_standard.php,5.6.40,php:5.6-cli,PASS,No syntax errors detected in /app/upload/admin/controller/extension/payment/pp_standard.php
opencart,upload/admin/controller/extension/payment/realex.php,5.6.40,php:5.6-cli,PASS,No syntax errors detected in /app/upload/admin/controller/extension/payment/realex.php
opencart,upload/admin/controller/extension/payment/realex_remote.php,5.6.40,php:5.6-cli,PASS,No syntax errors detected in /app/upload/admin/controller/extension/payment/realex_remote.php
opencart,upload/admin/controller/extension/payment/sagepay_direct.php,5.6.40,php:5.6-cli,PASS,No syntax errors detected in /app/upload/admin/controller/extension/payment/sagepay_direct.php
opencart,upload/admin/controller/extension/payment/sagepay_server.php,5.6.40,php:5.6-cli,PASS,No syntax errors detected in /app/upload/admin/controller/extension/payment/sagepay_server.php
opencart,upload/admin/controller/extension/payment/sagepay_us.php,5.6.40,php:5.6-cli,PASS,No syntax errors detected in /app/upload/admin/controller/extension/payment/sagepay_us.php
opencart,upload/admin/controller/extension/payment/securetrading_pp.php,5.6.40,php:5.6-cli,PASS,No syntax errors detected in /app/upload/admin/controller/extension/payment/securetrading_pp.php
opencart,upload/admin/controller/extension/payment/securetrading_ws.php,5.6.40,php:5.6-cli,PASS,No syntax errors detected in /app/upload/admin/controller/extension/payment/securetrading_ws.php
opencart,upload/admin/controller/extension/payment/skrill.php,5.6.40,php:5.6-cli,PASS,No syntax errors detected in /app/upload/admin/controller/extension/payment/skrill.php
opencart,upload/admin/controller/extension/payment/squareup.php,5.6.40,php:5.6-cli,PASS,No syntax errors detected in /app/upload/admin/controller/extension/payment/squareup.php
opencart,upload/admin/controller/extension/payment/twocheckout.php,5.6.40,php:5.6-cli,PASS,No syntax errors detected in /app/upload/admin/controller/extension/payment/twocheckout.php
opencart,upload/admin/controller/extension/payment/web_payment_software.php,5.6.40,php:5.6-cli,PASS,No syntax errors detected in /app/upload/admin/controller/extension/payment/web_payment_software.php
opencart,upload/admin/controller/extension/payment/wechat_pay.php,5.6.40,php:5.6-cli,PASS,No syntax errors detected in /app/upload/admin/controller/extension/payment/wechat_pay.php
opencart,upload/admin/controller/extension/payment/worldpay.php,5.6.40,php:5.6-cli,PASS,No syntax errors detected in /app/upload/admin/controller/extension/payment/worldpay.php
opencart,upload/admin/controller/extension/report/customer_activity.php,5.6.40,php:5.6-cli,PASS,No syntax errors detected in /app/upload/admin/controller/extension/report/customer_activity.php
opencart,upload/admin/controller/extension/report/customer_order.php,5.6.40,php:5.6-cli,PASS,No syntax errors detected in /app/upload/admin/controller/extension/report/customer_order.php
opencart,upload/admin/controller/extension/report/customer_reward.php,5.6.40,php:5.6-cli,PASS,No syntax errors detected in /app/upload/admin/controller/extension/report/customer_reward.php
opencart,upload/admin/controller/extension/report/customer_search.php,5.6.40,php:5.6-cli,PASS,No syntax errors detected in /app/upload/admin/controller/extension/report/customer_search.php
opencart,upload/admin/controller/extension/report/customer_transaction.php,5.6.40,php:5.6-cli,PASS,No syntax errors detected in /app/upload/admin/controller/extension/report/customer_transaction.php
opencart,upload/admin/controller/extension/report/marketing.php,5.6.40,php:5.6-cli,PASS,No syntax errors detected in /app/upload/admin/controller/extension/report/marketing.php
opencart,upload/admin/controller/extension/report/product_purchased.php,5.6.40,php:5.6-cli,PASS,No syntax errors detected in /app/upload/admin/controller/extension/report/product_purchased.php
opencart,upload/admin/controller/extension/report/sale_order.php,5.6.40,php:5.6-cli,PASS,No syntax errors detected in /app/upload/admin/controller/extension/report/sale_order.php
opencart,upload/admin/controller/extension/report/sale_return.php,5.6.40,php:5.6-cli,PASS,No syntax errors detected in /app/upload/admin/controller/extension/report/sale_return.php
opencart,upload/admin/controller/extension/report/sale_shipping.php,5.6.40,php:5.6-cli,PASS,No syntax errors detected in /app/upload/admin/controller/extension/report/sale_shipping.php
opencart,upload/admin/controller/extension/report/sale_tax.php,5.6.40,php:5.6-cli,PASS,No syntax errors detected in /app/upload/admin/controller/extension/report/sale_tax.php
opencart,upload/admin/controller/extension/shipping/auspost.php,5.6.40,php:5.6-cli,PASS,No syntax errors detected in /app/upload/admin/controller/extension/shipping/auspost.php
opencart,upload/admin/controller/extension/shipping/ec_ship.php,5.6.40,php:5.6-cli,PASS,No syntax errors detected in /app/upload/admin/controller/extension/shipping/ec_ship.php
opencart,upload/admin/controller/extension/shipping/fedex.php,5.6.40,php:5.6-cli,PASS,No syntax errors detected in /app/upload/admin/controller/extension/shipping/fedex.php
opencart,upload/admin/controller/extension/shipping/parcelforce_48.php,5.6.40,php:5.6-cli,PASS,No syntax errors detected in /app/upload/admin/controller/extension/shipping/parcelforce_48.php
opencart,upload/admin/controller/extension/shipping/royal_mail.php,5.6.40,php:5.6-cli,PASS,No syntax errors detected in /app/upload/admin/controller/extension/shipping/royal_mail.php
opencart,upload/admin/controller/extension/shipping/ups.php,5.6.40,php:5.6-cli,PASS,No syntax errors detected in /app/upload/admin/controller/extension/shipping/ups.php
opencart,upload/admin/controller/extension/shipping/usps.php,5.6.40,php:5.6-cli,PASS,No syntax errors detected in /app/upload/admin/controller/extension/shipping/usps.php
opencart,upload/admin/controller/extension/theme/default.php,5.6.40,php:5.6-cli,PASS,No syntax errors detected in /app/upload/admin/controller/extension/theme/default.php
opencart,upload/admin/controller/extension/total/klarna_fee.php,5.6.40,php:5.6-cli,PASS,No syntax errors detected in /app/upload/admin/controller/extension/total/klarna_fee.php
opencart,upload/admin/controller/localisation/country.php,5.6.40,php:5.6-cli,PASS,No syntax errors detected in /app/upload/admin/controller/localisation/country.php
opencart,upload/admin/controller/localisation/currency.php,5.6.40,php:5.6-cli,PASS,No syntax errors detected in /app/upload/admin/controller/localisation/currency.php
opencart,upload/admin/controller/localisation/geo_zone.php,5.6.40,php:5.6-cli,PASS,No syntax errors detected in /app/upload/admin/controller/localisation/geo_zone.php
opencart,upload/admin/controller/localisation/language.php,5.6.40,php:5.6-cli,PASS,No syntax errors detected in /app/upload/admin/controller/localisation/language.php
opencart,upload/admin/controller/localisation/length_class.php,5.6.40,php:5.6-cli,PASS,No syntax errors detected in /app/upload/admin/controller/localisation/length_class.php
opencart,upload/admin/controller/localisation/location.php,5.6.40,php:5.6-cli,PASS,No syntax errors detected in /app/upload/admin/controller/localisation/location.php
opencart,upload/admin/controller/localisation/order_status.php,5.6.40,php:5.6-cli,PASS,No syntax errors detected in /app/upload/admin/controller/localisation/order_status.php
opencart,upload/admin/controller/localisation/return_action.php,5.6.40,php:5.6-cli,PASS,No syntax errors detected in /app/upload/admin/controller/localisation/return_action.php
opencart,upload/admin/controller/localisation/return_reason.php,5.6.40,php:5.6-cli,PASS,No syntax errors detected in /app/upload/admin/controller/localisation/return_reason.php
opencart,upload/admin/controller/localisation/return_status.php,5.6.40,php:5.6-cli,PASS,No syntax errors detected in /app/upload/admin/controller/localisation/return_status.php
opencart,upload/admin/controller/localisation/stock_status.php,5.6.40,php:5.6-cli,PASS,No syntax errors detected in /app/upload/admin/controller/localisation/stock_status.php
opencart,upload/admin/controller/localisation/tax_class.php,5.6.40,php:5.6-cli,PASS,No syntax errors detected in /app/upload/admin/controller/localisation/tax_class.php
opencart,upload/admin/controller/localisation/tax_rate.php,5.6.40,php:5.6-cli,PASS,No syntax errors detected in /app/upload/admin/controller/localisation/tax_rate.php
opencart,upload/admin/controller/localisation/weight_class.php,5.6.40,php:5.6-cli,PASS,No syntax errors detected in /app/upload/admin/controller/localisation/weight_class.php
opencart,upload/admin/controller/localisation/zone.php,5.6.40,php:5.6-cli,PASS,No syntax errors detected in /app/upload/admin/controller/localisation/zone.php
opencart,upload/admin/controller/marketing/contact.php,5.6.40,php:5.6-cli,PASS,No syntax errors detected in /app/upload/admin/controller/marketing/contact.php
opencart,upload/admin/controller/marketing/coupon.php,5.6.40,php:5.6-cli,PASS,No syntax errors detected in /app/upload/admin/controller/marketing/coupon.php
opencart,upload/admin/controller/marketing/marketing.php,5.6.40,php:5.6-cli,PASS,No syntax errors detected in /app/upload/admin/controller/marketing/marketing.php
opencart,upload/admin/controller/marketplace/event.php,5.6.40,php:5.6-cli,PASS,No syntax errors detected in /app/upload/admin/controller/marketplace/event.php
opencart,upload/admin/controller/marketplace/install.php,5.6.40,php:5.6-cli,PASS,No syntax errors detected in /app/upload/admin/controller/marketplace/install.php
opencart,upload/admin/controller/marketplace/installer.php,5.6.40,php:5.6-cli,PASS,No syntax errors detected in /app/upload/admin/controller/marketplace/installer.php
opencart,upload/admin/controller/marketplace/marketplace.php,5.6.40,php:5.6-cli,PASS,No syntax errors detected in /app/upload/admin/controller/marketplace/marketplace.php
opencart,upload/admin/controller/marketplace/modification.php,5.6.40,php:5.6-cli,PASS,No syntax errors detected in /app/upload/admin/controller/marketplace/modification.php
opencart,upload/admin/controller/marketplace/openbay.php,5.6.40,php:5.6-cli,PASS,No syntax errors detected in /app/upload/admin/controller/marketplace/openbay.php
opencart,upload/admin/controller/report/online.php,5.6.40,php:5.6-cli,PASS,No syntax errors detected in /app/upload/admin/controller/report/online.php
opencart,upload/admin/controller/sale/order.php,5.6.40,php:5.6-cli,PASS,No syntax errors detected in /app/upload/admin/controller/sale/order.php
opencart,upload/admin/controller/sale/recurring.php,5.6.40,php:5.6-cli,PASS,No syntax errors detected in /app/upload/admin/controller/sale/recurring.php
opencart,upload/admin/controller/sale/return.php,5.6.40,php:5.6-cli,PASS,No syntax errors detected in /app/upload/admin/controller/sale/return.php
opencart,upload/admin/controller/sale/voucher.php,5.6.40,php:5.6-cli,PASS,No syntax errors detected in /app/upload/admin/controller/sale/voucher.php
opencart,upload/admin/controller/sale/voucher_theme.php,5.6.40,php:5.6-cli,PASS,No syntax errors detected in /app/upload/admin/controller/sale/voucher_theme.php
opencart,upload/admin/controller/setting/setting.php,5.6.40,php:5.6-cli,PASS,No syntax errors detected in /app/upload/admin/controller/setting/setting.php
opencart,upload/admin/controller/setting/store.php,5.6.40,php:5.6-cli,PASS,No syntax errors detected in /app/upload/admin/controller/setting/store.php
opencart,upload/admin/controller/startup/error.php,5.6.40,php:5.6-cli,PASS,No syntax errors detected in /app/upload/admin/controller/startup/error.php
opencart,upload/admin/controller/startup/startup.php,5.6.40,php:5.6-cli,PASS,No syntax errors detected in /app/upload/admin/controller/startup/startup.php
opencart,upload/admin/controller/tool/backup.php,5.6.40,php:5.6-cli,PASS,No syntax errors detected in /app/upload/admin/controller/tool/backup.php
opencart,upload/admin/controller/tool/upload.php,5.6.40,php:5.6-cli,PASS,No syntax errors detected in /app/upload/admin/controller/tool/upload.php
opencart,upload/admin/controller/user/api.php,5.6.40,php:5.6-cli,PASS,No syntax errors detected in /app/upload/admin/controller/user/api.php
opencart,upload/admin/controller/user/user.php,5.6.40,php:5.6-cli,PASS,No syntax errors detected in /app/upload/admin/controller/user/user.php
opencart,upload/admin/controller/user/user_permission.php,5.6.40,php:5.6-cli,PASS,No syntax errors detected in /app/upload/admin/controller/user/user_permission.php
opencart,upload/admin/language/en-gb/extension/advertise/google.php,5.6.40,php:5.6-cli,PASS,No syntax errors detected in /app/upload/admin/language/en-gb/extension/advertise/google.php
opencart,upload/admin/language/en-gb/extension/fraud/maxmind.php,5.6.40,php:5.6-cli,PASS,No syntax errors detected in /app/upload/admin/language/en-gb/extension/fraud/maxmind.php
opencart,upload/admin/language/en-gb/extension/openbay/ebay_new.php,5.6.40,php:5.6-cli,PASS,No syntax errors detected in /app/upload/admin/language/en-gb/extension/openbay/ebay_new.php
opencart,upload/admin/language/en-gb/extension/payment/divido.php,5.6.40,php:5.6-cli,PASS,No syntax errors detected in /app/upload/admin/language/en-gb/extension/payment/divido.php
opencart,upload/admin/language/en-gb/extension/payment/eway.php,5.6.40,php:5.6-cli,PASS,No syntax errors detected in /app/upload/admin/language/en-gb/extension/payment/eway.php
opencart,upload/admin/language/en-gb/extension/payment/pilibaba.php,5.6.40,php:5.6-cli,PASS,No syntax errors detected in /app/upload/admin/language/en-gb/extension/payment/pilibaba.php
opencart,upload/admin/language/en-gb/extension/payment/squareup.php,5.6.40,php:5.6-cli,PASS,No syntax errors detected in /app/upload/admin/language/en-gb/extension/payment/squareup.php
opencart,upload/admin/language/en-gb/setting/setting.php,5.6.40,php:5.6-cli,PASS,No syntax errors detected in /app/upload/admin/language/en-gb/setting/setting.php
opencart,upload/admin/model/catalog/attribute.php,5.6.40,php:5.6-cli,PASS,No syntax errors detected in /app/upload/admin/model/catalog/attribute.php
opencart,upload/admin/model/catalog/category.php,5.6.40,php:5.6-cli,PASS,No syntax errors detected in /app/upload/admin/model/catalog/category.php
opencart,upload/admin/model/catalog/download.php,5.6.40,php:5.6-cli,PASS,No syntax errors detected in /app/upload/admin/model/catalog/download.php
opencart,upload/admin/model/catalog/filter.php,5.6.40,php:5.6-cli,PASS,No syntax errors detected in /app/upload/admin/model/catalog/filter.php
opencart,upload/admin/model/catalog/information.php,5.6.40,php:5.6-cli,PASS,No syntax errors detected in /app/upload/admin/model/catalog/information.php
opencart,upload/admin/model/catalog/manufacturer.php,5.6.40,php:5.6-cli,PASS,No syntax errors detected in /app/upload/admin/model/catalog/manufacturer.php
opencart,upload/admin/model/catalog/option.php,5.6.40,php:5.6-cli,PASS,No syntax errors detected in /app/upload/admin/model/catalog/option.php
opencart,upload/admin/model/catalog/product.php,5.6.40,php:5.6-cli,PASS,No syntax errors detected in /app/upload/admin/model/catalog/product.php
opencart,upload/admin/model/catalog/recurring.php,5.6.40,php:5.6-cli,PASS,No syntax errors detected in /app/upload/admin/model/catalog/recurring.php
opencart,upload/admin/model/catalog/review.php,5.6.40,php:5.6-cli,PASS,No syntax errors detected in /app/upload/admin/model/catalog/review.php
opencart,upload/admin/model/customer/custom_field.php,5.6.40,php:5.6-cli,PASS,No syntax errors detected in /app/upload/admin/model/customer/custom_field.php
opencart,upload/admin/model/customer/customer.php,5.6.40,php:5.6-cli,PASS,No syntax errors detected in /app/upload/admin/model/customer/customer.php
opencart,upload/admin/model/customer/customer_approval.php,5.6.40,php:5.6-cli,PASS,No syntax errors detected in /app/upload/admin/model/customer/customer_approval.php
opencart,upload/admin/model/design/banner.php,5.6.40,php:5.6-cli,PASS,No syntax errors detected in /app/upload/admin/model/design/banner.php
opencart,upload/admin/model/design/layout.php,5.6.40,php:5.6-cli,PASS,No syntax errors detected in /app/upload/admin/model/design/layout.php
opencart,upload/admin/model/design/seo_url.php,5.6.40,php:5.6-cli,PASS,No syntax errors detected in /app/upload/admin/model/design/seo_url.php
opencart,upload/admin/model/design/translation.php,5.6.40,php:5.6-cli,PASS,No syntax errors detected in /app/upload/admin/model/design/translation.php
opencart,upload/admin/model/extension/advertise/google.php,5.6.40,php:5.6-cli,PASS,No syntax errors detected in /app/upload/admin/model/extension/advertise/google.php
opencart,upload/admin/model/extension/dashboard/chart.php,5.6.40,php:5.6-cli,PASS,No syntax errors detected in /app/upload/admin/model/extension/dashboard/chart.php
opencart,upload/admin/model/extension/dashboard/sale.php,5.6.40,php:5.6-cli,PASS,No syntax errors detected in /app/upload/admin/model/extension/dashboard/sale.php
opencart,upload/admin/model/extension/fraud/fraudlabspro.php,5.6.40,php:5.6-cli,PASS,No syntax errors detected in /app/upload/admin/model/extension/fraud/fraudlabspro.php
opencart,upload/admin/model/extension/openbay/amazon.php,5.6.40,php:5.6-cli,PASS,No syntax errors detected in /app/upload/admin/model/extension/openbay/amazon.php
opencart,upload/admin/model/extension/openbay/amazon_listing.php,5.6.40,php:5.6-cli,PASS,No syntax errors detected in /app/upload/admin/model/extension/openbay/amazon_listing.php
opencart,upload/admin/model/extension/openbay/amazonus.php,5.6.40,php:5.6-cli,PASS,No syntax errors detected in /app/upload/admin/model/extension/openbay/amazonus.php
opencart,upload/admin/model/extension/openbay/amazonus_listing.php,5.6.40,php:5.6-cli,PASS,No syntax errors detected in /app/upload/admin/model/extension/openbay/amazonus_listing.php
opencart,upload/admin/model/extension/openbay/ebay.php,5.6.40,php:5.6-cli,PASS,No syntax errors detected in /app/upload/admin/model/extension/openbay/ebay.php
opencart,upload/admin/model/extension/openbay/ebay_product.php,5.6.40,php:5.6-cli,PASS,No syntax errors detected in /app/upload/admin/model/extension/openbay/ebay_product.php
opencart,upload/admin/model/extension/openbay/etsy_product.php,5.6.40,php:5.6-cli,PASS,No syntax errors detected in /app/upload/admin/model/extension/openbay/etsy_product.php
opencart,upload/admin/model/extension/openbay/openbay.php,5.6.40,php:5.6-cli,PASS,No syntax errors detected in /app/upload/admin/model/extension/openbay/openbay.php
opencart,upload/admin/model/extension/openbay/order.php,5.6.40,php:5.6-cli,PASS,No syntax errors detected in /app/upload/admin/model/extension/openbay/order.php
opencart,upload/admin/model/extension/payment/amazon_login_pay.php,5.6.40,php:5.6-cli,PASS,No syntax errors detected in /app/upload/admin/model/extension/payment/amazon_login_pay.php
opencart,upload/admin/model/extension/payment/bluepay_hosted.php,5.6.40,php:5.6-cli,PASS,No syntax errors detected in /app/upload/admin/model/extension/payment/bluepay_hosted.php
opencart,upload/admin/model/extension/payment/bluepay_redirect.php,5.6.40,php:5.6-cli,PASS,No syntax errors detected in /app/upload/admin/model/extension/payment/bluepay_redirect.php
opencart,upload/admin/model/extension/payment/cardconnect.php,5.6.40,php:5.6-cli,PASS,No syntax errors detected in /app/upload/admin/model/extension/payment/cardconnect.php
opencart,upload/admin/model/extension/payment/eway.php,5.6.40,php:5.6-cli,PASS,No syntax errors detected in /app/upload/admin/model/extension/payment/eway.php
opencart,upload/admin/model/extension/payment/firstdata_remote.php,5.6.40,php:5.6-cli,PASS,No syntax errors detected in /app/upload/admin/model/extension/payment/firstdata_remote.php
opencart,upload/admin/model/extension/payment/klarna_checkout.php,5.6.40,php:5.6-cli,PASS,No syntax errors detected in /app/upload/admin/model/extension/payment/klarna_checkout.php
opencart,upload/admin/model/extension/payment/laybuy.php,5.6.40,php:5.6-cli,PASS,No syntax errors detected in /app/upload/admin/model/extension/payment/laybuy.php
opencart,upload/admin/model/extension/payment/pilibaba.php,5.6.40,php:5.6-cli,PASS,No syntax errors detected in /app/upload/admin/model/extension/payment/pilibaba.php
opencart,upload/admin/model/extension/payment/pp_express.php,5.6.40,php:5.6-cli,PASS,No syntax errors detected in /app/upload/admin/model/extension/payment/pp_express.php
opencart,upload/admin/model/extension/payment/pp_pro_iframe.php,5.6.40,php:5.6-cli,PASS,No syntax errors detected in /app/upload/admin/model/extension/payment/pp_pro_iframe.php
opencart,upload/admin/model/extension/payment/sagepay_direct.php,5.6.40,php:5.6-cli,PASS,No syntax errors detected in /app/upload/admin/model/extension/payment/sagepay_direct.php
opencart,upload/admin/model/extension/payment/sagepay_server.php,5.6.40,php:5.6-cli,PASS,No syntax errors detected in /app/upload/admin/model/extension/payment/sagepay_server.php
opencart,upload/admin/model/extension/payment/securetrading_ws.php,5.6.40,php:5.6-cli,PASS,No syntax errors detected in /app/upload/admin/model/extension/payment/securetrading_ws.php
opencart,upload/admin/model/extension/report/customer.php,5.6.40,php:5.6-cli,PASS,No syntax errors detected in /app/upload/admin/model/extension/report/customer.php
opencart,upload/admin/model/extension/report/customer_transaction.php,5.6.40,php:5.6-cli,PASS,No syntax errors detected in /app/upload/admin/model/extension/report/customer_transaction.php
opencart,upload/admin/model/extension/report/marketing.php,5.6.40,php:5.6-cli,PASS,No syntax errors detected in /app/upload/admin/model/extension/report/marketing.php
opencart,upload/admin/model/extension/report/product.php,5.6.40,php:5.6-cli,PASS,No syntax errors detected in /app/upload/admin/model/extension/report/product.php
opencart,upload/admin/model/extension/report/return.php,5.6.40,php:5.6-cli,PASS,No syntax errors detected in /app/upload/admin/model/extension/report/return.php
opencart,upload/admin/model/extension/report/sale.php,5.6.40,php:5.6-cli,PASS,No syntax errors detected in /app/upload/admin/model/extension/report/sale.php
opencart,upload/admin/model/localisation/country.php,5.6.40,php:5.6-cli,PASS,No syntax errors detected in /app/upload/admin/model/localisation/country.php
opencart,upload/admin/model/localisation/currency.php,5.6.40,php:5.6-cli,PASS,No syntax errors detected in /app/upload/admin/model/localisation/currency.php
opencart,upload/admin/model/localisation/geo_zone.php,5.6.40,php:5.6-cli,PASS,No syntax errors detected in /app/upload/admin/model/localisation/geo_zone.php
opencart,upload/admin/model/localisation/language.php,5.6.40,php:5.6-cli,PASS,No syntax errors detected in /app/upload/admin/model/localisation/language.php
opencart,upload/admin/model/localisation/length_class.php,5.6.40,php:5.6-cli,PASS,No syntax errors detected in /app/upload/admin/model/localisation/length_class.php
opencart,upload/admin/model/localisation/order_status.php,5.6.40,php:5.6-cli,PASS,No syntax errors detected in /app/upload/admin/model/localisation/order_status.php
opencart,upload/admin/model/localisation/return_action.php,5.6.40,php:5.6-cli,PASS,No syntax errors detected in /app/upload/admin/model/localisation/return_action.php
opencart,upload/admin/model/localisation/return_reason.php,5.6.40,php:5.6-cli,PASS,No syntax errors detected in /app/upload/admin/model/localisation/return_reason.php
opencart,upload/admin/model/localisation/return_status.php,5.6.40,php:5.6-cli,PASS,No syntax errors detected in /app/upload/admin/model/localisation/return_status.php
opencart,upload/admin/model/localisation/stock_status.php,5.6.40,php:5.6-cli,PASS,No syntax errors detected in /app/upload/admin/model/localisation/stock_status.php
opencart,upload/admin/model/localisation/tax_class.php,5.6.40,php:5.6-cli,PASS,No syntax errors detected in /app/upload/admin/model/localisation/tax_class.php
opencart,upload/admin/model/localisation/tax_rate.php,5.6.40,php:5.6-cli,PASS,No syntax errors detected in /app/upload/admin/model/localisation/tax_rate.php
opencart,upload/admin/model/localisation/weight_class.php,5.6.40,php:5.6-cli,PASS,No syntax errors detected in /app/upload/admin/model/localisation/weight_class.php
opencart,upload/admin/model/marketing/coupon.php,5.6.40,php:5.6-cli,PASS,No syntax errors detected in /app/upload/admin/model/marketing/coupon.php
opencart,upload/admin/model/marketing/marketing.php,5.6.40,php:5.6-cli,PASS,No syntax errors detected in /app/upload/admin/model/marketing/marketing.php
opencart,upload/admin/model/sale/order.php,5.6.40,php:5.6-cli,PASS,No syntax errors detected in /app/upload/admin/model/sale/order.php
opencart,upload/admin/model/sale/recurring.php,5.6.40,php:5.6-cli,PASS,No syntax errors detected in /app/upload/admin/model/sale/recurring.php
opencart,upload/admin/model/sale/return.php,5.6.40,php:5.6-cli,PASS,No syntax errors detected in /app/upload/admin/model/sale/return.php
opencart,upload/admin/model/sale/voucher.php,5.6.40,php:5.6-cli,PASS,No syntax errors detected in /app/upload/admin/model/sale/voucher.php
opencart,upload/admin/model/sale/voucher_theme.php,5.6.40,php:5.6-cli,PASS,No syntax errors detected in /app/upload/admin/model/sale/voucher_theme.php
opencart,upload/admin/model/setting/event.php,5.6.40,php:5.6-cli,PASS,No syntax errors detected in /app/upload/admin/model/setting/event.php
opencart,upload/admin/model/setting/modification.php,5.6.40,php:5.6-cli,PASS,No syntax errors detected in /app/upload/admin/model/setting/modification.php
opencart,upload/admin/model/tool/backup.php,5.6.40,php:5.6-cli,PASS,No syntax errors detected in /app/upload/admin/model/tool/backup.php
opencart,upload/admin/model/tool/upload.php,5.6.40,php:5.6-cli,PASS,No syntax errors detected in /app/upload/admin/model/tool/upload.php
opencart,upload/admin/model/user/api.php,5.6.40,php:5.6-cli,PASS,No syntax errors detected in /app/upload/admin/model/user/api.php
opencart,upload/catalog/controller/account/address.php,5.6.40,php:5.6-cli,PASS,No syntax errors detected in /app/upload/catalog/controller/account/address.php
opencart,upload/catalog/controller/account/affiliate.php,5.6.40,php:5.6-cli,PASS,No syntax errors detected in /app/upload/catalog/controller/account/affiliate.php
opencart,upload/catalog/controller/account/edit.php,5.6.40,php:5.6-cli,PASS,No syntax errors detected in /app/upload/catalog/controller/account/edit.php
opencart,upload/catalog/controller/account/login.php,5.6.40,php:5.6-cli,PASS,No syntax errors detected in /app/upload/catalog/controller/account/login.php
opencart,upload/catalog/controller/account/order.php,5.6.40,php:5.6-cli,PASS,No syntax errors detected in /app/upload/catalog/controller/account/order.php
opencart,upload/catalog/controller/account/recurring.php,5.6.40,php:5.6-cli,PASS,No syntax errors detected in /app/upload/catalog/controller/account/recurring.php
opencart,upload/catalog/controller/account/register.php,5.6.40,php:5.6-cli,PASS,No syntax errors detected in /app/upload/catalog/controller/account/register.php
opencart,upload/catalog/controller/account/return.php,5.6.40,php:5.6-cli,PASS,No syntax errors detected in /app/upload/catalog/controller/account/return.php
opencart,upload/catalog/controller/account/voucher.php,5.6.40,php:5.6-cli,PASS,No syntax errors detected in /app/upload/catalog/controller/account/voucher.php
opencart,upload/catalog/controller/account/wishlist.php,5.6.40,php:5.6-cli,PASS,No syntax errors detected in /app/upload/catalog/controller/account/wishlist.php
opencart,upload/catalog/controller/affiliate/login.php,5.6.40,php:5.6-cli,PASS,No syntax errors detected in /app/upload/catalog/controller/affiliate/login.php
opencart,upload/catalog/controller/affiliate/register.php,5.6.40,php:5.6-cli,PASS,No syntax errors detected in /app/upload/catalog/controller/affiliate/register.php
opencart,upload/catalog/controller/api/cart.php,5.6.40,php:5.6-cli,PASS,No syntax errors detected in /app/upload/catalog/controller/api/cart.php
opencart,upload/catalog/controller/api/customer.php,5.6.40,php:5.6-cli,PASS,No syntax errors detected in /app/upload/catalog/controller/api/customer.php
opencart,upload/catalog/controller/api/order.php,5.6.40,php:5.6-cli,PASS,No syntax errors detected in /app/upload/catalog/controller/api/order.php
opencart,upload/catalog/controller/api/payment.php,5.6.40,php:5.6-cli,PASS,No syntax errors detected in /app/upload/catalog/controller/api/payment.php
opencart,upload/catalog/controller/api/shipping.php,5.6.40,php:5.6-cli,PASS,No syntax errors detected in /app/upload/catalog/controller/api/shipping.php
opencart,upload/catalog/controller/api/voucher.php,5.6.40,php:5.6-cli,PASS,No syntax errors detected in /app/upload/catalog/controller/api/voucher.php
opencart,upload/catalog/controller/checkout/cart.php,5.6.40,php:5.6-cli,PASS,No syntax errors detected in /app/upload/catalog/controller/checkout/cart.php
opencart,upload/catalog/controller/checkout/checkout.php,5.6.40,php:5.6-cli,PASS,No syntax errors detected in /app/upload/catalog/controller/checkout/checkout.php
opencart,upload/catalog/controller/checkout/confirm.php,5.6.40,php:5.6-cli,PASS,No syntax errors detected in /app/upload/catalog/controller/checkout/confirm.php
opencart,upload/catalog/controller/checkout/guest.php,5.6.40,php:5.6-cli,PASS,No syntax errors detected in /app/upload/catalog/controller/checkout/guest.php
opencart,upload/catalog/controller/checkout/guest_shipping.php,5.6.40,php:5.6-cli,PASS,No syntax errors detected in /app/upload/catalog/controller/checkout/guest_shipping.php
opencart,upload/catalog/controller/checkout/login.php,5.6.40,php:5.6-cli,PASS,No syntax errors detected in /app/upload/catalog/controller/checkout/login.php
opencart,upload/catalog/controller/checkout/payment_address.php,5.6.40,php:5.6-cli,PASS,No syntax errors detected in /app/upload/catalog/controller/checkout/payment_address.php
opencart,upload/catalog/controller/checkout/payment_method.php,5.6.40,php:5.6-cli,PASS,No syntax errors detected in /app/upload/catalog/controller/checkout/payment_method.php
opencart,upload/catalog/controller/checkout/register.php,5.6.40,php:5.6-cli,PASS,No syntax errors detected in /app/upload/catalog/controller/checkout/register.php
opencart,upload/catalog/controller/checkout/shipping_address.php,5.6.40,php:5.6-cli,PASS,No syntax errors detected in /app/upload/catalog/controller/checkout/shipping_address.php
opencart,upload/catalog/controller/checkout/shipping_method.php,5.6.40,php:5.6-cli,PASS,No syntax errors detected in /app/upload/catalog/controller/checkout/shipping_method.php
opencart,upload/catalog/controller/common/cart.php,5.6.40,php:5.6-cli,PASS,No syntax errors detected in /app/upload/catalog/controller/common/cart.php
opencart,upload/catalog/controller/common/column_left.php,5.6.40,php:5.6-cli,PASS,No syntax errors detected in /app/upload/catalog/controller/common/column_left.php
opencart,upload/catalog/controller/common/column_right.php,5.6.40,php:5.6-cli,PASS,No syntax errors detected in /app/upload/catalog/controller/common/column_right.php
opencart,upload/catalog/controller/common/content_bottom.php,5.6.40,php:5.6-cli,PASS,No syntax errors detected in /app/upload/catalog/controller/common/content_bottom.php
opencart,upload/catalog/controller/common/content_top.php,5.6.40,php:5.6-cli,PASS,No syntax errors detected in /app/upload/catalog/controller/common/content_top.php
opencart,upload/catalog/controller/event/statistics.php,5.6.40,php:5.6-cli,PASS,No syntax errors detected in /app/upload/catalog/controller/event/statistics.php
opencart,upload/catalog/controller/extension/advertise/google.php,5.6.40,php:5.6-cli,PASS,No syntax errors detected in /app/upload/catalog/controller/extension/advertise/google.php
opencart,upload/catalog/controller/extension/credit_card/sagepay_direct.php,5.6.40,php:5.6-cli,PASS,No syntax errors detected in /app/upload/catalog/controller/extension/credit_card/sagepay_direct.php
opencart,upload/catalog/controller/extension/credit_card/sagepay_server.php,5.6.40,php:5.6-cli,PASS,No syntax errors detected in /app/upload/catalog/controller/extension/credit_card/sagepay_server.php
opencart,upload/catalog/controller/extension/feed/google_base.php,5.6.40,php:5.6-cli,PASS,No syntax errors detected in /app/upload/catalog/controller/extension/feed/google_base.php
opencart,upload/catalog/controller/extension/module/featured.php,5.6.40,php:5.6-cli,PASS,No syntax errors detected in /app/upload/catalog/controller/extension/module/featured.php
opencart,upload/catalog/controller/extension/module/filter.php,5.6.40,php:5.6-cli,PASS,No syntax errors detected in /app/upload/catalog/controller/extension/module/filter.php
opencart,upload/catalog/controller/extension/module/klarna_checkout_module.php,5.6.40,php:5.6-cli,PASS,No syntax errors detected in /app/upload/catalog/controller/extension/module/klarna_checkout_module.php
opencart,upload/catalog/controller/extension/module/pp_login.php,5.6.40,php:5.6-cli,PASS,No syntax errors detected in /app/upload/catalog/controller/extension/module/pp_login.php
opencart,upload/catalog/controller/extension/openbay/amazon.php,5.6.40,php:5.6-cli,PASS,No syntax errors detected in /app/upload/catalog/controller/extension/openbay/amazon.php
opencart,upload/catalog/controller/extension/openbay/amazonus.php,5.6.40,php:5.6-cli,PASS,No syntax errors detected in /app/upload/catalog/controller/extension/openbay/amazonus.php
opencart,upload/catalog/controller/extension/openbay/ebay.php,5.6.40,php:5.6-cli,PASS,No syntax errors detected in /app/upload/catalog/controller/extension/openbay/ebay.php
opencart,upload/catalog/controller/extension/openbay/fba.php,5.6.40,php:5.6-cli,PASS,No syntax errors detected in /app/upload/catalog/controller/extension/openbay/fba.php
opencart,upload/catalog/controller/extension/payment/amazon_login_pay.php,5.6.40,php:5.6-cli,PASS,No syntax errors detected in /app/upload/catalog/controller/extension/payment/amazon_login_pay.php
opencart,upload/catalog/controller/extension/payment/authorizenet_aim.php,5.6.40,php:5.6-cli,PASS,No syntax errors detected in /app/upload/catalog/controller/extension/payment/authorizenet_aim.php
opencart,upload/catalog/controller/extension/payment/cardconnect.php,5.6.40,php:5.6-cli,PASS,No syntax errors detected in /app/upload/catalog/controller/extension/payment/cardconnect.php
opencart,upload/catalog/controller/extension/payment/cardinity.php,5.6.40,php:5.6-cli,PASS,No syntax errors detected in /app/upload/catalog/controller/extension/payment/cardinity.php
opencart,upload/catalog/controller/extension/payment/divido.php,5.6.40,php:5.6-cli,PASS,No syntax errors detected in /app/upload/catalog/controller/extension/payment/divido.php
opencart,upload/catalog/controller/extension/payment/eway.php,5.6.40,php:5.6-cli,PASS,No syntax errors detected in /app/upload/catalog/controller/extension/payment/eway.php
opencart,upload/catalog/controller/extension/payment/firstdata.php,5.6.40,php:5.6-cli,PASS,No syntax errors detected in /app/upload/catalog/controller/extension/payment/firstdata.php
opencart,upload/catalog/controller/extension/payment/firstdata_remote.php,5.6.40,php:5.6-cli,PASS,No syntax errors detected in /app/upload/catalog/controller/extension/payment/firstdata_remote.php
opencart,upload/catalog/controller/extension/payment/g2apay.php,5.6.40,php:5.6-cli,PASS,No syntax errors detected in /app/upload/catalog/controller/extension/payment/g2apay.php
opencart,upload/catalog/controller/extension/payment/globalpay.php,5.6.40,php:5.6-cli,PASS,No syntax errors detected in /app/upload/catalog/controller/extension/payment/globalpay.php
opencart,upload/catalog/controller/extension/payment/globalpay_remote.php,5.6.40,php:5.6-cli,PASS,No syntax errors detected in /app/upload/catalog/controller/extension/payment/globalpay_remote.php
opencart,upload/catalog/controller/extension/payment/klarna_account.php,5.6.40,php:5.6-cli,PASS,No syntax errors detected in /app/upload/catalog/controller/extension/payment/klarna_account.php
opencart,upload/catalog/controller/extension/payment/klarna_checkout.php,5.6.40,php:5.6-cli,PASS,No syntax errors detected in /app/upload/catalog/controller/extension/payment/klarna_checkout.php
opencart,upload/catalog/controller/extension/payment/klarna_invoice.php,5.6.40,php:5.6-cli,PASS,No syntax errors detected in /app/upload/catalog/controller/extension/payment/klarna_invoice.php
opencart,upload/catalog/controller/extension/payment/laybuy.php,5.6.40,php:5.6-cli,PASS,No syntax errors detected in /app/upload/catalog/controller/extension/payment/laybuy.php
opencart,upload/catalog/controller/extension/payment/paypoint.php,5.6.40,php:5.6-cli,PASS,No syntax errors detected in /app/upload/catalog/controller/extension/payment/paypoint.php
opencart,upload/catalog/controller/extension/payment/pilibaba.php,5.6.40,php:5.6-cli,PASS,No syntax errors detected in /app/upload/catalog/controller/extension/payment/pilibaba.php
opencart,upload/catalog/controller/extension/payment/pp_braintree.php,5.6.40,php:5.6-cli,PASS,No syntax errors detected in /app/upload/catalog/controller/extension/payment/pp_braintree.php
opencart,upload/catalog/controller/extension/payment/pp_express.php,5.6.40,php:5.6-cli,PASS,No syntax errors detected in /app/upload/catalog/controller/extension/payment/pp_express.php
opencart,upload/catalog/controller/extension/payment/pp_payflow.php,5.6.40,php:5.6-cli,PASS,No syntax errors detected in /app/upload/catalog/controller/extension/payment/pp_payflow.php
opencart,upload/catalog/controller/extension/payment/pp_pro.php,5.6.40,php:5.6-cli,PASS,No syntax errors detected in /app/upload/catalog/controller/extension/payment/pp_pro.php
opencart,upload/catalog/controller/extension/payment/pp_pro_iframe.php,5.6.40,php:5.6-cli,PASS,No syntax errors detected in /app/upload/catalog/controller/extension/payment/pp_pro_iframe.php
opencart,upload/catalog/controller/extension/payment/pp_standard.php,5.6.40,php:5.6-cli,PASS,No syntax errors detected in /app/upload/catalog/controller/extension/payment/pp_standard.php
opencart,upload/catalog/controller/extension/payment/realex.php,5.6.40,php:5.6-cli,PASS,No syntax errors detected in /app/upload/catalog/controller/extension/payment/realex.php
opencart,upload/catalog/controller/extension/payment/realex_remote.php,5.6.40,php:5.6-cli,PASS,No syntax errors detected in /app/upload/catalog/controller/extension/payment/realex_remote.php
opencart,upload/catalog/controller/extension/payment/sagepay_direct.php,5.6.40,php:5.6-cli,PASS,No syntax errors detected in /app/upload/catalog/controller/extension/payment/sagepay_direct.php
opencart,upload/catalog/controller/extension/payment/sagepay_server.php,5.6.40,php:5.6-cli,PASS,No syntax errors detected in /app/upload/catalog/controller/extension/payment/sagepay_server.php
opencart,upload/catalog/controller/extension/payment/securetrading_ws.php,5.6.40,php:5.6-cli,PASS,No syntax errors detected in /app/upload/catalog/controller/extension/payment/securetrading_ws.php
opencart,upload/catalog/controller/extension/payment/skrill.php,5.6.40,php:5.6-cli,PASS,No syntax errors detected in /app/upload/catalog/controller/extension/payment/skrill.php
opencart,upload/catalog/controller/extension/payment/squareup.php,5.6.40,php:5.6-cli,PASS,No syntax errors detected in /app/upload/catalog/controller/extension/payment/squareup.php
opencart,upload/catalog/controller/extension/payment/twocheckout.php,5.6.40,php:5.6-cli,PASS,No syntax errors detected in /app/upload/catalog/controller/extension/payment/twocheckout.php
opencart,upload/catalog/controller/extension/payment/web_payment_software.php,5.6.40,php:5.6-cli,PASS,No syntax errors detected in /app/upload/catalog/controller/extension/payment/web_payment_software.php
opencart,upload/catalog/controller/extension/payment/worldpay.php,5.6.40,php:5.6-cli,PASS,No syntax errors detected in /app/upload/catalog/controller/extension/payment/worldpay.php
opencart,upload/catalog/controller/extension/recurring/squareup.php,5.6.40,php:5.6-cli,PASS,No syntax errors detected in /app/upload/catalog/controller/extension/recurring/squareup.php
opencart,upload/catalog/controller/extension/total/shipping.php,5.6.40,php:5.6-cli,PASS,No syntax errors detected in /app/upload/catalog/controller/extension/total/shipping.php
opencart,upload/catalog/controller/extension/total/voucher.php,5.6.40,php:5.6-cli,PASS,No syntax errors detected in /app/upload/catalog/controller/extension/total/voucher.php
opencart,upload/catalog/controller/information/contact.php,5.6.40,php:5.6-cli,PASS,No syntax errors detected in /app/upload/catalog/controller/information/contact.php
opencart,upload/catalog/controller/mail/order.php,5.6.40,php:5.6-cli,PASS,No syntax errors detected in /app/upload/catalog/controller/mail/order.php
opencart,upload/catalog/controller/product/category.php,5.6.40,php:5.6-cli,PASS,No syntax errors detected in /app/upload/catalog/controller/product/category.php
opencart,upload/catalog/controller/product/compare.php,5.6.40,php:5.6-cli,PASS,No syntax errors detected in /app/upload/catalog/controller/product/compare.php
opencart,upload/catalog/controller/product/manufacturer.php,5.6.40,php:5.6-cli,PASS,No syntax errors detected in /app/upload/catalog/controller/product/manufacturer.php
opencart,upload/catalog/controller/product/product.php,5.6.40,php:5.6-cli,PASS,No syntax errors detected in /app/upload/catalog/controller/product/product.php
opencart,upload/catalog/controller/product/search.php,5.6.40,php:5.6-cli,PASS,No syntax errors detected in /app/upload/catalog/controller/product/search.php
opencart,upload/catalog/controller/product/special.php,5.6.40,php:5.6-cli,PASS,No syntax errors detected in /app/upload/catalog/controller/product/special.php
opencart,upload/catalog/controller/startup/error.php,5.6.40,php:5.6-cli,PASS,No syntax errors detected in /app/upload/catalog/controller/startup/error.php
opencart,upload/catalog/controller/startup/seo_url.php,5.6.40,php:5.6-cli,PASS,No syntax errors detected in /app/upload/catalog/controller/startup/seo_url.php
opencart,upload/catalog/controller/startup/startup.php,5.6.40,php:5.6-cli,PASS,No syntax errors detected in /app/upload/catalog/controller/startup/startup.php
opencart,upload/catalog/controller/tool/upload.php,5.6.40,php:5.6-cli,PASS,No syntax errors detected in /app/upload/catalog/controller/tool/upload.php
opencart,upload/catalog/language/en-gb/extension/payment/globalpay.php,5.6.40,php:5.6-cli,PASS,No syntax errors detected in /app/upload/catalog/language/en-gb/extension/payment/globalpay.php
opencart,upload/catalog/language/en-gb/extension/payment/realex.php,5.6.40,php:5.6-cli,PASS,No syntax errors detected in /app/upload/catalog/language/en-gb/extension/payment/realex.php
opencart,upload/catalog/model/account/address.php,5.6.40,php:5.6-cli,PASS,No syntax errors detected in /app/upload/catalog/model/account/address.php
opencart,upload/catalog/model/account/order.php,5.6.40,php:5.6-cli,PASS,No syntax errors detected in /app/upload/catalog/model/account/order.php
opencart,upload/catalog/model/catalog/category.php,5.6.40,php:5.6-cli,PASS,No syntax errors detected in /app/upload/catalog/model/catalog/category.php
opencart,upload/catalog/model/catalog/manufacturer.php,5.6.40,php:5.6-cli,PASS,No syntax errors detected in /app/upload/catalog/model/catalog/manufacturer.php
opencart,upload/catalog/model/catalog/product.php,5.6.40,php:5.6-cli,PASS,No syntax errors detected in /app/upload/catalog/model/catalog/product.php
opencart,upload/catalog/model/catalog/review.php,5.6.40,php:5.6-cli,PASS,No syntax errors detected in /app/upload/catalog/model/catalog/review.php
opencart,upload/catalog/model/checkout/order.php,5.6.40,php:5.6-cli,PASS,No syntax errors detected in /app/upload/catalog/model/checkout/order.php
opencart,upload/catalog/model/extension/advertise/google.php,5.6.40,php:5.6-cli,PASS,No syntax errors detected in /app/upload/catalog/model/extension/advertise/google.php
opencart,upload/catalog/model/extension/fraud/fraudlabspro.php,5.6.40,php:5.6-cli,PASS,No syntax errors detected in /app/upload/catalog/model/extension/fraud/fraudlabspro.php
opencart,upload/catalog/model/extension/fraud/maxmind.php,5.6.40,php:5.6-cli,PASS,No syntax errors detected in /app/upload/catalog/model/extension/fraud/maxmind.php
opencart,upload/catalog/model/extension/openbay/amazon_order.php,5.6.40,php:5.6-cli,PASS,No syntax errors detected in /app/upload/catalog/model/extension/openbay/amazon_order.php
opencart,upload/catalog/model/extension/openbay/amazon_product.php,5.6.40,php:5.6-cli,PASS,No syntax errors detected in /app/upload/catalog/model/extension/openbay/amazon_product.php
opencart,upload/catalog/model/extension/openbay/amazonus_order.php,5.6.40,php:5.6-cli,PASS,No syntax errors detected in /app/upload/catalog/model/extension/openbay/amazonus_order.php
opencart,upload/catalog/model/extension/openbay/amazonus_product.php,5.6.40,php:5.6-cli,PASS,No syntax errors detected in /app/upload/catalog/model/extension/openbay/amazonus_product.php
opencart,upload/catalog/model/extension/openbay/ebay_order.php,5.6.40,php:5.6-cli,PASS,No syntax errors detected in /app/upload/catalog/model/extension/openbay/ebay_order.php
opencart,upload/catalog/model/extension/openbay/ebay_product.php,5.6.40,php:5.6-cli,PASS,No syntax errors detected in /app/upload/catalog/model/extension/openbay/ebay_product.php
opencart,upload/catalog/model/extension/openbay/etsy_order.php,5.6.40,php:5.6-cli,PASS,No syntax errors detected in /app/upload/catalog/model/extension/openbay/etsy_order.php
opencart,upload/catalog/model/extension/payment/alipay.php,5.6.40,php:5.6-cli,PASS,No syntax errors detected in /app/upload/catalog/model/extension/payment/alipay.php
opencart,upload/catalog/model/extension/payment/alipay_cross.php,5.6.40,php:5.6-cli,PASS,No syntax errors detected in /app/upload/catalog/model/extension/payment/alipay_cross.php
opencart,upload/catalog/model/extension/payment/amazon_login_pay.php,5.6.40,php:5.6-cli,PASS,No syntax errors detected in /app/upload/catalog/model/extension/payment/amazon_login_pay.php
opencart,upload/catalog/model/extension/payment/cardconnect.php,5.6.40,php:5.6-cli,PASS,No syntax errors detected in /app/upload/catalog/model/extension/payment/cardconnect.php
opencart,upload/catalog/model/extension/payment/cardinity.php,5.6.40,php:5.6-cli,PASS,No syntax errors detected in /app/upload/catalog/model/extension/payment/cardinity.php
opencart,upload/catalog/model/extension/payment/divido.php,5.6.40,php:5.6-cli,PASS,No syntax errors detected in /app/upload/catalog/model/extension/payment/divido.php
opencart,upload/catalog/model/extension/payment/eway.php,5.6.40,php:5.6-cli,PASS,No syntax errors detected in /app/upload/catalog/model/extension/payment/eway.php
opencart,upload/catalog/model/extension/payment/firstdata_remote.php,5.6.40,php:5.6-cli,PASS,No syntax errors detected in /app/upload/catalog/model/extension/payment/firstdata_remote.php
opencart,upload/catalog/model/extension/payment/globalpay_remote.php,5.6.40,php:5.6-cli,PASS,No syntax errors detected in /app/upload/catalog/model/extension/payment/globalpay_remote.php
opencart,upload/catalog/model/extension/payment/klarna_account.php,5.6.40,php:5.6-cli,PASS,No syntax errors detected in /app/upload/catalog/model/extension/payment/klarna_account.php
opencart,upload/catalog/model/extension/payment/klarna_checkout.php,5.6.40,php:5.6-cli,PASS,No syntax errors detected in /app/upload/catalog/model/extension/payment/klarna_checkout.php
opencart,upload/catalog/model/extension/payment/klarna_invoice.php,5.6.40,php:5.6-cli,PASS,No syntax errors detected in /app/upload/catalog/model/extension/payment/klarna_invoice.php
opencart,upload/catalog/model/extension/payment/laybuy.php,5.6.40,php:5.6-cli,PASS,No syntax errors detected in /app/upload/catalog/model/extension/payment/laybuy.php
opencart,upload/catalog/model/extension/payment/paymate.php,5.6.40,php:5.6-cli,PASS,No syntax errors detected in /app/upload/catalog/model/extension/payment/paymate.php
opencart,upload/catalog/model/extension/payment/pp_braintree.php,5.6.40,php:5.6-cli,PASS,No syntax errors detected in /app/upload/catalog/model/extension/payment/pp_braintree.php
opencart,upload/catalog/model/extension/payment/pp_express.php,5.6.40,php:5.6-cli,PASS,No syntax errors detected in /app/upload/catalog/model/extension/payment/pp_express.php
opencart,upload/catalog/model/extension/payment/pp_standard.php,5.6.40,php:5.6-cli,PASS,No syntax errors detected in /app/upload/catalog/model/extension/payment/pp_standard.php
opencart,upload/catalog/model/extension/payment/realex_remote.php,5.6.40,php:5.6-cli,PASS,No syntax errors detected in /app/upload/catalog/model/extension/payment/realex_remote.php
opencart,upload/catalog/model/extension/payment/sagepay_direct.php,5.6.40,php:5.6-cli,PASS,No syntax errors detected in /app/upload/catalog/model/extension/payment/sagepay_direct.php
opencart,upload/catalog/model/extension/payment/sagepay_server.php,5.6.40,php:5.6-cli,PASS,No syntax errors detected in /app/upload/catalog/model/extension/payment/sagepay_server.php
opencart,upload/catalog/model/extension/payment/securetrading_pp.php,5.6.40,php:5.6-cli,PASS,No syntax errors detected in /app/upload/catalog/model/extension/payment/securetrading_pp.php
opencart,upload/catalog/model/extension/payment/securetrading_ws.php,5.6.40,php:5.6-cli,PASS,No syntax errors detected in /app/upload/catalog/model/extension/payment/securetrading_ws.php
opencart,upload/catalog/model/extension/payment/squareup.php,5.6.40,php:5.6-cli,PASS,No syntax errors detected in /app/upload/catalog/model/extension/payment/squareup.php
opencart,upload/catalog/model/extension/payment/worldpay.php,5.6.40,php:5.6-cli,PASS,No syntax errors detected in /app/upload/catalog/model/extension/payment/worldpay.php
opencart,upload/catalog/model/extension/shipping/auspost.php,5.6.40,php:5.6-cli,PASS,No syntax errors detected in /app/upload/catalog/model/extension/shipping/auspost.php
opencart,upload/catalog/model/extension/shipping/ec_ship.php,5.6.40,php:5.6-cli,PASS,No syntax errors detected in /app/upload/catalog/model/extension/shipping/ec_ship.php
opencart,upload/catalog/model/extension/shipping/fedex.php,5.6.40,php:5.6-cli,PASS,No syntax errors detected in /app/upload/catalog/model/extension/shipping/fedex.php
opencart,upload/catalog/model/extension/shipping/free.php,5.6.40,php:5.6-cli,PASS,No syntax errors detected in /app/upload/catalog/model/extension/shipping/free.php
opencart,upload/catalog/model/extension/shipping/item.php,5.6.40,php:5.6-cli,PASS,No syntax errors detected in /app/upload/catalog/model/extension/shipping/item.php
opencart,upload/catalog/model/extension/shipping/parcelforce_48.php,5.6.40,php:5.6-cli,PASS,No syntax errors detected in /app/upload/catalog/model/extension/shipping/parcelforce_48.php
opencart,upload/catalog/model/extension/shipping/royal_mail.php,5.6.40,php:5.6-cli,PASS,No syntax errors detected in /app/upload/catalog/model/extension/shipping/royal_mail.php
opencart,upload/catalog/model/extension/shipping/ups.php,5.6.40,php:5.6-cli,PASS,No syntax errors detected in /app/upload/catalog/model/extension/shipping/ups.php
opencart,upload/catalog/model/extension/shipping/usps.php,5.6.40,php:5.6-cli,PASS,No syntax errors detected in /app/upload/catalog/model/extension/shipping/usps.php
opencart,upload/catalog/model/extension/shipping/weight.php,5.6.40,php:5.6-cli,PASS,No syntax errors detected in /app/upload/catalog/model/extension/shipping/weight.php
opencart,upload/catalog/model/extension/total/coupon.php,5.6.40,php:5.6-cli,PASS,No syntax errors detected in /app/upload/catalog/model/extension/total/coupon.php
opencart,upload/catalog/model/extension/total/klarna_fee.php,5.6.40,php:5.6-cli,PASS,No syntax errors detected in /app/upload/catalog/model/extension/total/klarna_fee.php
opencart,upload/catalog/model/extension/total/reward.php,5.6.40,php:5.6-cli,PASS,No syntax errors detected in /app/upload/catalog/model/extension/total/reward.php
opencart,upload/catalog/model/extension/total/voucher.php,5.6.40,php:5.6-cli,PASS,No syntax errors detected in /app/upload/catalog/model/extension/total/voucher.php
opencart,upload/catalog/model/extension/total/voucher_theme.php,5.6.40,php:5.6-cli,PASS,No syntax errors detected in /app/upload/catalog/model/extension/total/voucher_theme.php
opencart,upload/catalog/model/localisation/return_reason.php,5.6.40,php:5.6-cli,PASS,No syntax errors detected in /app/upload/catalog/model/localisation/return_reason.php
opencart,upload/install/cli_install.php,5.6.40,php:5.6-cli,PASS,No syntax errors detected in /app/upload/install/cli_install.php
opencart,upload/install/controller/install/step_2.php,5.6.40,php:5.6-cli,PASS,No syntax errors detected in /app/upload/install/controller/install/step_2.php
opencart,upload/install/controller/install/step_3.php,5.6.40,php:5.6-cli,PASS,No syntax errors detected in /app/upload/install/controller/install/step_3.php
opencart,upload/install/language/en-gb/install/step_1.php,5.6.40,php:5.6-cli,PASS,No syntax errors detected in /app/upload/install/language/en-gb/install/step_1.php
opencart,upload/install/model/install/install.php,5.6.40,php:5.6-cli,PASS,No syntax errors detected in /app/upload/install/model/install/install.php
opencart,upload/install/model/upgrade/1000.php,5.6.40,php:5.6-cli,PASS,No syntax errors detected in /app/upload/install/model/upgrade/1000.php
opencart,upload/install/model/upgrade/1001.php,5.6.40,php:5.6-cli,PASS,No syntax errors detected in /app/upload/install/model/upgrade/1001.php
opencart,upload/install/model/upgrade/1002.php,5.6.40,php:5.6-cli,PASS,No syntax errors detected in /app/upload/install/model/upgrade/1002.php
opencart,upload/install/model/upgrade/1003.php,5.6.40,php:5.6-cli,PASS,No syntax errors detected in /app/upload/install/model/upgrade/1003.php
opencart,upload/install/model/upgrade/1004.php,5.6.40,php:5.6-cli,PASS,No syntax errors detected in /app/upload/install/model/upgrade/1004.php
opencart,upload/install/model/upgrade/1005.php,5.6.40,php:5.6-cli,PASS,No syntax errors detected in /app/upload/install/model/upgrade/1005.php
opencart,upload/install/model/upgrade/1006.php,5.6.40,php:5.6-cli,PASS,No syntax errors detected in /app/upload/install/model/upgrade/1006.php
opencart,upload/install/model/upgrade/1007.php,5.6.40,php:5.6-cli,PASS,No syntax errors detected in /app/upload/install/model/upgrade/1007.php
opencart,upload/install/model/upgrade/1008.php,5.6.40,php:5.6-cli,PASS,No syntax errors detected in /app/upload/install/model/upgrade/1008.php
opencart,upload/install/model/upgrade/1009.php,5.6.40,php:5.6-cli,PASS,No syntax errors detected in /app/upload/install/model/upgrade/1009.php
opencart,upload/system/helper/bbcode.php,5.6.40,php:5.6-cli,PASS,No syntax errors detected in /app/upload/system/helper/bbcode.php
opencart,upload/system/helper/utf8.php,5.6.40,php:5.6-cli,PASS,No syntax errors detected in /app/upload/system/helper/utf8.php
opencart,upload/system/library/cart/cart.php,5.6.40,php:5.6-cli,PASS,No syntax errors detected in /app/upload/system/library/cart/cart.php
opencart,upload/system/library/cart/currency.php,5.6.40,php:5.6-cli,PASS,No syntax errors detected in /app/upload/system/library/cart/currency.php
opencart,upload/system/library/cart/tax.php,5.6.40,php:5.6-cli,PASS,No syntax errors detected in /app/upload/system/library/cart/tax.php
opencart,upload/system/library/db/mpdo.php,5.6.40,php:5.6-cli,PASS,No syntax errors detected in /app/upload/system/library/db/mpdo.php
opencart,upload/system/library/googleshopping/googleshopping.php,5.6.40,php:5.6-cli,PASS,No syntax errors detected in /app/upload/system/library/googleshopping/googleshopping.php
opencart,upload/system/library/image.php,5.6.40,php:5.6-cli,PASS,No syntax errors detected in /app/upload/system/library/image.php
opencart,upload/system/library/mail/mail.php,5.6.40,php:5.6-cli,PASS,No syntax errors detected in /app/upload/system/library/mail/mail.php
opencart,upload/system/library/mail/smtp.php,5.6.40,php:5.6-cli,PASS,No syntax errors detected in /app/upload/system/library/mail/smtp.php
opencart,upload/system/library/openbay.php,5.6.40,php:5.6-cli,PASS,No syntax errors detected in /app/upload/system/library/openbay.php
opencart,upload/system/library/openbay/amazon.php,5.6.40,php:5.6-cli,PASS,No syntax errors detected in /app/upload/system/library/openbay/amazon.php
opencart,upload/system/library/openbay/amazonus.php,5.6.40,php:5.6-cli,PASS,No syntax errors detected in /app/upload/system/library/openbay/amazonus.php
opencart,upload/system/library/openbay/ebay.php,5.6.40,php:5.6-cli,PASS,No syntax errors detected in /app/upload/system/library/openbay/ebay.php
opencart,upload/system/library/openbay/etsy.php,5.6.40,php:5.6-cli,PASS,No syntax errors detected in /app/upload/system/library/openbay/etsy.php
opencart,upload/system/library/openbay/fba.php,5.6.40,php:5.6-cli,PASS,No syntax errors detected in /app/upload/system/library/openbay/fba.php
opencart,upload/system/library/pagination.php,5.6.40,php:5.6-cli,PASS,No syntax errors detected in /app/upload/system/library/pagination.php
opencart,upload/system/library/squareup.php,5.6.40,php:5.6-cli,PASS,No syntax errors detected in /app/upload/system/library/squareup.php
opencart,upload/system/library/template/Twig/Compiler.php,5.6.40,php:5.6-cli,PASS,No syntax errors detected in /app/upload/system/library/template/Twig/Compiler.php
opencart,upload/system/library/template/Twig/Environment.php,5.6.40,php:5.6-cli,PASS,No syntax errors detected in /app/upload/system/library/template/Twig/Environment.php
opencart,upload/system/library/template/Twig/Error.php,5.6.40,php:5.6-cli,PASS,No syntax errors detected in /app/upload/system/library/template/Twig/Error.php
opencart,upload/system/library/template/Twig/ExpressionParser.php,5.6.40,php:5.6-cli,PASS,No syntax errors detected in /app/upload/system/library/template/Twig/ExpressionParser.php
opencart,upload/system/library/template/Twig/Extension/Core.php,5.6.40,php:5.6-cli,PASS,No syntax errors detected in /app/upload/system/library/template/Twig/Extension/Core.php
opencart,upload/system/library/template/Twig/Lexer.php,5.6.40,php:5.6-cli,PASS,No syntax errors detected in /app/upload/system/library/template/Twig/Lexer.php
opencart,upload/system/library/template/Twig/Loader/Filesystem.php,5.6.40,php:5.6-cli,PASS,No syntax errors detected in /app/upload/system/library/template/Twig/Loader/Filesystem.php
opencart,upload/system/library/template/Twig/Node/CheckSecurity.php,5.6.40,php:5.6-cli,PASS,No syntax errors detected in /app/upload/system/library/template/Twig/Node/CheckSecurity.php
opencart,upload/system/library/template/Twig/Node/Expression/Call.php,5.6.40,php:5.6-cli,PASS,No syntax errors detected in /app/upload/system/library/template/Twig/Node/Expression/Call.php
opencart,upload/system/library/template/Twig/Node/Expression/Name.php,5.6.40,php:5.6-cli,PASS,No syntax errors detected in /app/upload/system/library/template/Twig/Node/Expression/Name.php
opencart,upload/system/library/template/Twig/Node/For.php,5.6.40,php:5.6-cli,PASS,No syntax errors detected in /app/upload/system/library/template/Twig/Node/For.php
opencart,upload/system/library/template/Twig/Node/Macro.php,5.6.40,php:5.6-cli,PASS,No syntax errors detected in /app/upload/system/library/template/Twig/Node/Macro.php
opencart,upload/system/library/template/Twig/Node/Module.php,5.6.40,php:5.6-cli,PASS,No syntax errors detected in /app/upload/system/library/template/Twig/Node/Module.php
opencart,upload/system/library/template/Twig/Node/Set.php,5.6.40,php:5.6-cli,PASS,No syntax errors detected in /app/upload/system/library/template/Twig/Node/Set.php
opencart,upload/system/library/template/Twig/NodeVisitor/Optimizer.php,5.6.40,php:5.6-cli,PASS,No syntax errors detected in /app/upload/system/library/template/Twig/NodeVisitor/Optimizer.php
opencart,upload/system/library/template/Twig/NodeVisitor/SafeAnalysis.php,5.6.40,php:5.6-cli,PASS,No syntax errors detected in /app/upload/system/library/template/Twig/NodeVisitor/SafeAnalysis.php
opencart,upload/system/library/template/Twig/NodeVisitor/Sandbox.php,5.6.40,php:5.6-cli,PASS,No syntax errors detected in /app/upload/system/library/template/Twig/NodeVisitor/Sandbox.php
opencart,upload/system/library/template/Twig/Parser.php,5.6.40,php:5.6-cli,PASS,No syntax errors detected in /app/upload/system/library/template/Twig/Parser.php
opencart,upload/system/library/template/Twig/Template.php,5.6.40,php:5.6-cli,PASS,No syntax errors detected in /app/upload/system/library/template/Twig/Template.php
opencart,upload/system/library/template/Twig/Test/IntegrationTestCase.php,5.6.40,php:5.6-cli,PASS,No syntax errors detected in /app/upload/system/library/template/Twig/Test/IntegrationTestCase.php
opencart,upload/system/library/template/Twig/Token.php,5.6.40,php:5.6-cli,PASS,No syntax errors detected in /app/upload/system/library/template/Twig/Token.php
